USE kirana;

-- script for inputting data into the database

-- customer database
insert into customer (customer_id, first_name, middle_name, last_name, date_of_birth, phone_num, email_address, password, apt_number, street, city, state, pincode) values (1, 'Hildegaard', null, 'Evequot', '2002-05-02', '+1 505 204 4374', 'hevequot0@un.org', 'xHytHH5', 38, '97761', 'Albuquerque', 'New Mexico', '87201');
insert into customer (customer_id, first_name, middle_name, last_name, date_of_birth, phone_num, email_address, password, apt_number, street, city, state, pincode) values (2, 'Alfred', null, null, '2012-10-14', '+1 504 841 8338', 'amcgeown1@whitehouse.gov', 'Tx7EA46QFo8R', 91, '02', 'New Orleans', 'Louisiana', '70142');
insert into customer (customer_id, first_name, middle_name, last_name, date_of_birth, phone_num, email_address, password, apt_number, street, city, state, pincode) values (3, 'Jecho', null, 'Grelka', '2001-11-14', '+1 602 752 9291', 'jgrelka2@sourceforge.net', 'Jms8uIzr0R', 76, '93', 'Chandler', 'Arizona', '85246');
insert into customer (customer_id, first_name, middle_name, last_name, date_of_birth, phone_num, email_address, password, apt_number, street, city, state, pincode) values (4, 'Sebastian', null, null, '2009-10-02', '+1 816 710 0028', 'sfeatenby3@msn.com', 'ZVCag3MjW', 55, '8482', 'Kansas City', 'Missouri', '64179');
insert into customer (customer_id, first_name, middle_name, last_name, date_of_birth, phone_num, email_address, password, apt_number, street, city, state, pincode) values (5, 'Teodora', null, 'Woodroof', '1995-03-15', '+1 315 549 6534', 'twoodroof4@cbsnews.com', 'w1rClxL9HU', 7, '3', 'Syracuse', 'New York', '13217');
insert into customer (customer_id, first_name, middle_name, last_name, date_of_birth, phone_num, email_address, password, apt_number, street, city, state, pincode) values (6, 'Saloma', null, null, '2016-05-05', '+1 937 204 6951', 'spilling5@nhs.uk', 'xX6I8mxW', 4, '8', 'Dayton', 'Ohio', '45419');
insert into customer (customer_id, first_name, middle_name, last_name, date_of_birth, phone_num, email_address, password, apt_number, street, city, state, pincode) values (7, 'Lorri', null, 'Sharp', '2002-12-09', '+1 763 549 0363', 'lsharp6@ovh.net', 'B75i2HgcIxK', 94, '7866', 'Minneapolis', 'Minnesota', '55441');
insert into customer (customer_id, first_name, middle_name, last_name, date_of_birth, phone_num, email_address, password, apt_number, street, city, state, pincode) values (8, 'Ashlan', null, 'Branney', '1985-03-30', '+1 251 408 8245', 'abranney7@phoca.cz', 'tGNtRZFaXjF7', 77, '0989', 'Mobile', 'Alabama', '36622');
insert into customer (customer_id, first_name, middle_name, last_name, date_of_birth, phone_num, email_address, password, apt_number, street, city, state, pincode) values (9, 'Evita', null, 'Febvre', '1996-04-26', '+1 724 635 6683', 'efebvre8@opensource.org', 'EiIIQ4', 80, '953', 'Pittsburgh', 'Pennsylvania', '15210');
insert into customer (customer_id, first_name, middle_name, last_name, date_of_birth, phone_num, email_address, password, apt_number, street, city, state, pincode) values (10, 'Mirabella', null, 'McNee', '2022-01-20', '+1 682 799 7830', 'mmcnee9@goodreads.com', 'CBRY3HUE5', 33, '3', 'Fort Worth', 'Texas', '76198');
insert into customer (customer_id, first_name, middle_name, last_name, date_of_birth, phone_num, email_address, password, apt_number, street, city, state, pincode) values (11, 'Ailee', 'Satch', 'Bailess', '2008-08-01', '+1 202 445 0110', 'abailessa@liveinternet.ru', '3dI9rPO', 33, '407', 'Washington', 'District of Columbia', '20005');
insert into customer (customer_id, first_name, middle_name, last_name, date_of_birth, phone_num, email_address, password, apt_number, street, city, state, pincode) values (12, 'Georas', null, 'Morgon', '2006-02-19', '+1 859 274 1493', 'gmorgonb@blogs.com', 'SDY6e21', 33, '579', 'Lexington', 'Kentucky', '40510');
insert into customer (customer_id, first_name, middle_name, last_name, date_of_birth, phone_num, email_address, password, apt_number, street, city, state, pincode) values (13, 'Albertina', null, 'MacAloren', '2011-06-14', '+1 917 824 5332', 'amacalorenc@psu.edu', 'WZEcJg3', 10, '25171', 'Jamaica', 'New York', '11480');
insert into customer (customer_id, first_name, middle_name, last_name, date_of_birth, phone_num, email_address, password, apt_number, street, city, state, pincode) values (14, 'Lenna', 'Gueny', 'Klimov', '1987-11-18', '+1 317 449 8196', 'lklimovd@netvibes.com', 'ZiZ3dyb', 46, '1', 'Indianapolis', 'Indiana', '46295');
insert into customer (customer_id, first_name, middle_name, last_name, date_of_birth, phone_num, email_address, password, apt_number, street, city, state, pincode) values (15, 'Warner', null, 'Spragg', '1999-02-27', '+1 216 460 9047', 'wspragge@github.io', 'LQCSLDDw', 30, '6647', 'Cleveland', 'Ohio', '44118');
insert into customer (customer_id, first_name, middle_name, last_name, date_of_birth, phone_num, email_address, password, apt_number, street, city, state, pincode) values (16, 'Jami', 'Manuely', 'Elias', '2001-06-12', '+1 512 861 6980', 'jeliasf@amazon.co.uk', 'faNq7bQfGhl', 88, '6', 'Austin', 'Texas', '78726');
insert into customer (customer_id, first_name, middle_name, last_name, date_of_birth, phone_num, email_address, password, apt_number, street, city, state, pincode) values (17, 'Coretta', 'Perkis', 'Greetham', '1992-06-30', '+1 407 161 6112', 'cgreethamg@hatena.ne.jp', 'mcVIDI', 97, '2442', 'Orlando', 'Florida', '32854');
insert into customer (customer_id, first_name, middle_name, last_name, date_of_birth, phone_num, email_address, password, apt_number, street, city, state, pincode) values (18, 'Sherwin', null, 'Rykert', '2005-06-03', '+1 440 451 3429', 'srykerth@imgur.com', 'J0KD8JU04I', 4, '330', 'Cleveland', 'Ohio', '44130');
insert into customer (customer_id, first_name, middle_name, last_name, date_of_birth, phone_num, email_address, password, apt_number, street, city, state, pincode) values (19, 'Gerda', null, 'Kidson', '2002-07-10', '+1 760 794 5262', 'gkidsoni@upenn.edu', 'XXd8qc8v6w', 51, '87', 'Escondido', 'California', '92030');
insert into customer (customer_id, first_name, middle_name, last_name, date_of_birth, phone_num, email_address, password, apt_number, street, city, state, pincode) values (20, 'Ekaterina', null, 'Couvert', '2003-02-04', '+1 520 637 4157', 'ecouvertj@kickstarter.com', '4tFQFDfPz', 53, '668', 'Prescott', 'Arizona', '86305');
insert into customer (customer_id, first_name, middle_name, last_name, date_of_birth, phone_num, email_address, password, apt_number, street, city, state, pincode) values (21, 'Gerri', null, 'Carp', '2002-10-17', '+1 508 621 6226', 'gcarpk@youtube.com', 'XywrHYqOw1', 34, '234', 'Boston', 'Massachusetts', '02114');
insert into customer (customer_id, first_name, middle_name, last_name, date_of_birth, phone_num, email_address, password, apt_number, street, city, state, pincode) values (22, 'Christopher', 'D''Almeida', null, '2014-06-21', '+1 423 393 8505', 'cdonnanl@state.tx.us', 'zHqztnYvseC', 1, '07', 'Kingsport', 'Tennessee', '37665');
insert into customer (customer_id, first_name, middle_name, last_name, date_of_birth, phone_num, email_address, password, apt_number, street, city, state, pincode) values (23, 'Shaylah', null, 'Garton', '2020-08-08', '+1 302 102 5321', 'sgartonm@webeden.co.uk', 'IV532IWf3', 83, '82296', 'Wilmington', 'Delaware', '19897');
insert into customer (customer_id, first_name, middle_name, last_name, date_of_birth, phone_num, email_address, password, apt_number, street, city, state, pincode) values (24, 'Kincaid', 'Casbon', 'Shelmardine', '1987-08-15', '+1 202 622 3192', 'kshelmardinen@archive.org', 'r7qwanB8vGG', 45, '31602', 'Washington', 'District of Columbia', '20540');
insert into customer (customer_id, first_name, middle_name, last_name, date_of_birth, phone_num, email_address, password, apt_number, street, city, state, pincode) values (25, 'Blakeley', null, 'Tolomio', '1991-11-21', '+1 281 825 0720', 'btolomioo@quantcast.com', 'vG0CtDlykc', 66, '3915', 'Spring', 'Texas', '77386');
insert into customer (customer_id, first_name, middle_name, last_name, date_of_birth, phone_num, email_address, password, apt_number, street, city, state, pincode) values (26, 'Valida', null, null, '1997-06-16', '+1 720 911 2488', 'vmcilwrickp@drupal.org', 'tBp864G', 94, '76', 'Littleton', 'Colorado', '80161');
insert into customer (customer_id, first_name, middle_name, last_name, date_of_birth, phone_num, email_address, password, apt_number, street, city, state, pincode) values (27, 'Lucais', null, 'Cardenosa', '2000-08-29', '+1 501 975 1954', 'lcardenosaq@blogtalkradio.com', 'X8GreYtB', 76, '83893', 'North Little Rock', 'Arkansas', '72118');
insert into customer (customer_id, first_name, middle_name, last_name, date_of_birth, phone_num, email_address, password, apt_number, street, city, state, pincode) values (28, 'Barbette', null, 'Batters', '2020-04-15', '+1 919 546 9090', 'bbattersr@adobe.com', 'XOxmFjw', 70, '3669', 'Durham', 'North Carolina', '27710');
insert into customer (customer_id, first_name, middle_name, last_name, date_of_birth, phone_num, email_address, password, apt_number, street, city, state, pincode) values (29, 'Nye', null, null, '1997-01-06', '+1 256 849 7783', 'nlarozes@google.co.jp', 'iGw2JLq5z', 18, '038', 'Huntsville', 'Alabama', '35895');
insert into customer (customer_id, first_name, middle_name, last_name, date_of_birth, phone_num, email_address, password, apt_number, street, city, state, pincode) values (30, 'Cornell', null, 'Audiss', '1989-04-23', '+1 805 302 3881', 'caudisst@squidoo.com', 'cUmIZ8mECx', 71, '3', 'Simi Valley', 'California', '93094');
insert into customer (customer_id, first_name, middle_name, last_name, date_of_birth, phone_num, email_address, password, apt_number, street, city, state, pincode) values (31, 'Lila', 'Milborn', null, '2002-03-06', '+1 682 732 6018', 'lbratleyu@opensource.org', 'snaIWoKL98', 80, '52419', 'Fort Worth', 'Texas', '76192');
insert into customer (customer_id, first_name, middle_name, last_name, date_of_birth, phone_num, email_address, password, apt_number, street, city, state, pincode) values (32, 'Elliot', null, 'Scotcher', '2003-07-15', '+1 615 642 3870', 'escotcherv@samsung.com', 'QuEbE8EV', 26, '63801', 'Murfreesboro', 'Tennessee', '37131');
insert into customer (customer_id, first_name, middle_name, last_name, date_of_birth, phone_num, email_address, password, apt_number, street, city, state, pincode) values (33, 'Eilis', null, 'Dabnot', '2010-12-10', '+1 785 198 3100', 'edabnotw@about.com', 'ftWyj2S1', 84, '1', 'Topeka', 'Kansas', '66642');
insert into customer (customer_id, first_name, middle_name, last_name, date_of_birth, phone_num, email_address, password, apt_number, street, city, state, pincode) values (34, 'Daniel', null, 'Bratch', '1988-12-02', '+1 786 427 2650', 'dbratchx@wikia.com', 'KUkbdXluS', 76, '693', 'Miami', 'Florida', '33233');
insert into customer (customer_id, first_name, middle_name, last_name, date_of_birth, phone_num, email_address, password, apt_number, street, city, state, pincode) values (35, 'Margarethe', null, 'Lafont', '2014-01-16', '+1 806 171 5301', 'mlafonty@about.com', '8PUZhTqYoGk', 91, '7245', 'Amarillo', 'Texas', '79105');
insert into customer (customer_id, first_name, middle_name, last_name, date_of_birth, phone_num, email_address, password, apt_number, street, city, state, pincode) values (36, 'Ursuline', null, 'Pawelski', '2005-09-04', '+1 719 866 0911', 'upawelskiz@yale.edu', 'cihdl3vJAfM', 77, '82', 'Pueblo', 'Colorado', '81005');
insert into customer (customer_id, first_name, middle_name, last_name, date_of_birth, phone_num, email_address, password, apt_number, street, city, state, pincode) values (37, 'Maddalena', null, 'Bennen', '2013-02-19', '+1 209 746 4467', 'mbennen10@pbs.org', 'Cp0oKGln', 61, '9560', 'Stockton', 'California', '95298');
insert into customer (customer_id, first_name, middle_name, last_name, date_of_birth, phone_num, email_address, password, apt_number, street, city, state, pincode) values (38, 'Pennie', null, 'Kalisch', '2022-04-12', '+1 414 166 6527', 'pkalisch11@unicef.org', 'QW2EMMb', 48, '645', 'Milwaukee', 'Wisconsin', '53277');
insert into customer (customer_id, first_name, middle_name, last_name, date_of_birth, phone_num, email_address, password, apt_number, street, city, state, pincode) values (39, 'Griffin', null, 'Weston', '1997-09-01', '+1 402 924 1325', 'gweston12@delicious.com', 'Ng11DLvbaM', 20, '52214', 'Omaha', 'Nebraska', '68164');
insert into customer (customer_id, first_name, middle_name, last_name, date_of_birth, phone_num, email_address, password, apt_number, street, city, state, pincode) values (40, 'Eugene', null, 'Minguet', '2022-08-25', '+1 386 777 0397', 'eminguet13@washingtonpost.com', 'gz5S8t', 2, '56599', 'Daytona Beach', 'Florida', '32123');
insert into customer (customer_id, first_name, middle_name, last_name, date_of_birth, phone_num, email_address, password, apt_number, street, city, state, pincode) values (41, 'Gretta', 'Doy', 'Houndesome', '1990-06-13', '+1 312 960 5326', 'ghoundesome14@fda.gov', 'Fj94BiQ', 51, '7', 'Chicago', 'Illinois', '60663');
insert into customer (customer_id, first_name, middle_name, last_name, date_of_birth, phone_num, email_address, password, apt_number, street, city, state, pincode) values (42, 'Kylila', null, 'Opy', '1989-08-21', '+1 936 845 4096', 'kopy15@wunderground.com', 'kUAeA2X1', 48, '5', 'Beaumont', 'Texas', '77705');
insert into customer (customer_id, first_name, middle_name, last_name, date_of_birth, phone_num, email_address, password, apt_number, street, city, state, pincode) values (43, 'Baird', null, 'Exter', '1987-09-30', '+1 859 638 0383', 'bexter16@cmu.edu', 'bUpNZR', 70, '9', 'Lexington', 'Kentucky', '40581');
insert into customer (customer_id, first_name, middle_name, last_name, date_of_birth, phone_num, email_address, password, apt_number, street, city, state, pincode) values (44, 'Kaylee', null, 'Silbert', '2019-07-14', '+1 907 826 1090', 'ksilbert17@hc360.com', 'k6wuE1VQd', 100, '1360', 'Anchorage', 'Alaska', '99517');
insert into customer (customer_id, first_name, middle_name, last_name, date_of_birth, phone_num, email_address, password, apt_number, street, city, state, pincode) values (45, 'Valerye', 'Gilogly', 'Doudney', '2000-12-25', '+1 859 972 9595', 'vdoudney18@bigcartel.com', 'sBxilQH', 66, '874', 'Lexington', 'Kentucky', '40546');
insert into customer (customer_id, first_name, middle_name, last_name, date_of_birth, phone_num, email_address, password, apt_number, street, city, state, pincode) values (46, 'Beale', null, null, '2017-07-31', '+1 734 790 0477', 'bwhittek19@blogger.com', '8u1wqcfFvO9', 61, '27378', 'Detroit', 'Michigan', '48211');
insert into customer (customer_id, first_name, middle_name, last_name, date_of_birth, phone_num, email_address, password, apt_number, street, city, state, pincode) values (47, 'Patrice', null, 'Scrivener', '2002-02-24', '+1 859 434 8532', 'pscrivener1a@marketwatch.com', '0cBhuS8lPsto', 37, '25', 'Lexington', 'Kentucky', '40596');
insert into customer (customer_id, first_name, middle_name, last_name, date_of_birth, phone_num, email_address, password, apt_number, street, city, state, pincode) values (48, 'Major', null, 'Chitty', '2021-07-19', '+1 702 789 3534', 'mchitty1b@bloglovin.com', 'Q2fSyupW3', 14, '81', 'Las Vegas', 'Nevada', '89105');
insert into customer (customer_id, first_name, middle_name, last_name, date_of_birth, phone_num, email_address, password, apt_number, street, city, state, pincode) values (49, 'Buckie', 'Bucksey', 'Driscoll', '2001-03-22', '+1 713 157 8049', 'bdriscoll1c@hubpages.com', 'KmKAMoi', 76, '2', 'Humble', 'Texas', '77346');
insert into customer (customer_id, first_name, middle_name, last_name, date_of_birth, phone_num, email_address, password, apt_number, street, city, state, pincode) values (50, 'Rey', null, 'Twentyman', '2011-02-12', '+1 516 248 4099', 'rtwentyman1d@army.mil', 'liuzO7pyw6G', 26, '18828', 'Hicksville', 'New York', '11854');
insert into customer (customer_id, first_name, middle_name, last_name, date_of_birth, phone_num, email_address, password, apt_number, street, city, state, pincode) values (51, 'Thaddeus', null, 'Axup', '1997-05-12', '+1 253 807 3076', 'taxup1e@tinypic.com', 'ElHiWsqbLY4Y', 49, '13', 'Seattle', 'Washington', '98121');
insert into customer (customer_id, first_name, middle_name, last_name, date_of_birth, phone_num, email_address, password, apt_number, street, city, state, pincode) values (52, 'West', null, 'Lincoln', '2004-06-18', '+1 706 126 5754', 'wlincoln1f@bbc.co.uk', 'oXKEb8B6ZtC', 61, '7', 'Augusta', 'Georgia', '30919');
insert into customer (customer_id, first_name, middle_name, last_name, date_of_birth, phone_num, email_address, password, apt_number, street, city, state, pincode) values (53, 'Allina', null, 'Roseman', '2015-12-22', '+1 501 582 0188', 'aroseman1g@oracle.com', 'Bbk68qgirq', 73, '49987', 'Little Rock', 'Arkansas', '72231');
insert into customer (customer_id, first_name, middle_name, last_name, date_of_birth, phone_num, email_address, password, apt_number, street, city, state, pincode) values (54, 'Dicky', null, 'Itschakov', '2009-04-21', '+1 614 850 2150', 'ditschakov1h@tuttocitta.it', 'D8d4gEFMtvQx', 37, '96624', 'Columbus', 'Ohio', '43220');
insert into customer (customer_id, first_name, middle_name, last_name, date_of_birth, phone_num, email_address, password, apt_number, street, city, state, pincode) values (55, 'Rutledge', 'Mainston', 'Bartod', '2021-01-19', '+1 617 473 0023', 'rbartod1i@livejournal.com', 'OcggNW', 25, '4657', 'Boston', 'Massachusetts', '02298');
insert into customer (customer_id, first_name, middle_name, last_name, date_of_birth, phone_num, email_address, password, apt_number, street, city, state, pincode) values (56, 'Freemon', 'Hearsum', 'Coweuppe', '2007-06-15', '+1 770 723 3703', 'fcoweuppe1j@google.pl', '7lfa6oEd', 60, '3178', 'Marietta', 'Georgia', '30066');
insert into customer (customer_id, first_name, middle_name, last_name, date_of_birth, phone_num, email_address, password, apt_number, street, city, state, pincode) values (57, 'Leone', null, null, '2022-08-29', '+1 302 823 4436', 'lakid1k@dion.ne.jp', 'YrTVYxN', 86, '771', 'Wilmington', 'Delaware', '19886');
insert into customer (customer_id, first_name, middle_name, last_name, date_of_birth, phone_num, email_address, password, apt_number, street, city, state, pincode) values (58, 'Janka', 'Dumingo', null, '1996-11-17', '+1 520 892 7196', 'jlarkkem1l@reference.com', 'kIyxmi07v1in', 48, '296', 'Tucson', 'Arizona', '85720');
insert into customer (customer_id, first_name, middle_name, last_name, date_of_birth, phone_num, email_address, password, apt_number, street, city, state, pincode) values (59, 'Aylmer', 'Attwater', 'Allans', '2006-06-17', '+1 213 757 5331', 'aallans1m@twitpic.com', 'rwI2dEPp', 37, '64', 'Los Angeles', 'California', '90081');
insert into customer (customer_id, first_name, middle_name, last_name, date_of_birth, phone_num, email_address, password, apt_number, street, city, state, pincode) values (60, 'Lee', null, 'Giddings', '2021-03-26', '+1 248 222 3136', 'lgiddings1n@usatoday.com', '4aPGLW29cf8n', 14, '7', 'Detroit', 'Michigan', '48258');
insert into customer (customer_id, first_name, middle_name, last_name, date_of_birth, phone_num, email_address, password, apt_number, street, city, state, pincode) values (61, 'Nev', null, 'Tremolieres', '2008-04-04', '+1 713 755 8711', 'ntremolieres1o@twitpic.com', 'xBxQRh21SPuL', 87, '5', 'Houston', 'Texas', '77245');
insert into customer (customer_id, first_name, middle_name, last_name, date_of_birth, phone_num, email_address, password, apt_number, street, city, state, pincode) values (62, 'Tommie', 'McKinn', null, '1990-06-13', '+1 936 668 2592', 'tzahor1p@cafepress.com', '7dXtRx', 46, '70041', 'Huntsville', 'Texas', '77343');
insert into customer (customer_id, first_name, middle_name, last_name, date_of_birth, phone_num, email_address, password, apt_number, street, city, state, pincode) values (63, 'Lavinie', null, 'Deakan', '1998-03-13', '+1 512 157 7497', 'ldeakan1q@nyu.edu', 'zgZWMJKpp', 60, '87', 'Austin', 'Texas', '78737');
insert into customer (customer_id, first_name, middle_name, last_name, date_of_birth, phone_num, email_address, password, apt_number, street, city, state, pincode) values (64, 'Fredia', null, 'Ondracek', '1998-10-02', '+1 513 574 8082', 'fondracek1r@army.mil', 'ElU967JiRMA', 80, '4', 'Cincinnati', 'Ohio', '45249');
insert into customer (customer_id, first_name, middle_name, last_name, date_of_birth, phone_num, email_address, password, apt_number, street, city, state, pincode) values (65, 'Marijn', null, 'Wixey', '2019-09-05', '+1 936 756 9679', 'mwixey1s@gov.uk', 'axb1DZG', 5, '74335', 'Huntsville', 'Texas', '77343');
insert into customer (customer_id, first_name, middle_name, last_name, date_of_birth, phone_num, email_address, password, apt_number, street, city, state, pincode) values (66, 'Bibby', null, 'Seven', '2013-08-12', '+1 704 515 7749', 'bseven1t@forbes.com', 'NnsXZyU', 13, '9205', 'Charlotte', 'North Carolina', '28284');
insert into customer (customer_id, first_name, middle_name, last_name, date_of_birth, phone_num, email_address, password, apt_number, street, city, state, pincode) values (67, 'Salomo', null, 'Spurman', '2020-02-23', '+1 305 721 3082', 'sspurman1u@ucoz.com', 'kTiqgaYS', 16, '4947', 'Miami', 'Florida', '33175');
insert into customer (customer_id, first_name, middle_name, last_name, date_of_birth, phone_num, email_address, password, apt_number, street, city, state, pincode) values (68, 'Blinny', null, 'Lequeux', '2000-03-24', '+1 850 944 7327', 'blequeux1v@skyrock.com', 'QK355rfg', 16, '382', 'Tallahassee', 'Florida', '32309');
insert into customer (customer_id, first_name, middle_name, last_name, date_of_birth, phone_num, email_address, password, apt_number, street, city, state, pincode) values (69, 'Gianni', null, 'Shields', '2016-04-17', '+1 785 497 6587', 'gshields1w@unc.edu', 'YOisjCPl', 79, '0358', 'Topeka', 'Kansas', '66699');
insert into customer (customer_id, first_name, middle_name, last_name, date_of_birth, phone_num, email_address, password, apt_number, street, city, state, pincode) values (70, 'Aurora', null, null, '2021-02-11', '+1 865 997 0726', 'afawdrey1x@typepad.com', 'qdqgeW5Mzy', 4, '6499', 'Knoxville', 'Tennessee', '37939');
insert into customer (customer_id, first_name, middle_name, last_name, date_of_birth, phone_num, email_address, password, apt_number, street, city, state, pincode) values (71, 'Esra', null, 'Tortis', '2001-06-29', '+1 205 413 0825', 'etortis1y@google.com.hk', 'iXi0a0', 32, '0268', 'Birmingham', 'Alabama', '35244');
insert into customer (customer_id, first_name, middle_name, last_name, date_of_birth, phone_num, email_address, password, apt_number, street, city, state, pincode) values (72, 'Julee', null, 'Beeston', '1987-06-19', '+1 859 149 0813', 'jbeeston1z@cnn.com', 'eB6zJN', 82, '62', 'Lexington', 'Kentucky', '40515');
insert into customer (customer_id, first_name, middle_name, last_name, date_of_birth, phone_num, email_address, password, apt_number, street, city, state, pincode) values (73, 'Willette', 'Lewerenz', 'Vassar', '1986-02-02', '+1 504 993 5290', 'wvassar20@chicagotribune.com', 'Io11Vq', 10, '4', 'New Orleans', 'Louisiana', '70179');
insert into customer (customer_id, first_name, middle_name, last_name, date_of_birth, phone_num, email_address, password, apt_number, street, city, state, pincode) values (74, 'Calli', null, 'Munehay', '2016-03-18', '+1 713 134 6766', 'cmunehay21@cam.ac.uk', 'tVoVZNnJ7QxM', 84, '59', 'Houston', 'Texas', '77228');
insert into customer (customer_id, first_name, middle_name, last_name, date_of_birth, phone_num, email_address, password, apt_number, street, city, state, pincode) values (75, 'Vally', null, 'Blazynski', '1988-05-20', '+1 843 847 0773', 'vblazynski22@joomla.org', 'ovfmAQOdJj2N', 13, '1126', 'Charleston', 'South Carolina', '29403');
insert into customer (customer_id, first_name, middle_name, last_name, date_of_birth, phone_num, email_address, password, apt_number, street, city, state, pincode) values (76, 'Celinka', null, 'Portt', '2011-06-18', '+1 718 396 0241', 'cportt23@ihg.com', 'yLJZwlk4u1mo', 76, '64', 'Brooklyn', 'New York', '11205');
insert into customer (customer_id, first_name, middle_name, last_name, date_of_birth, phone_num, email_address, password, apt_number, street, city, state, pincode) values (77, 'Cherri', null, 'Grabham', '2010-04-02', '+1 505 642 9538', 'cgrabham24@moonfruit.com', 'ocL6KmNfzHPg', 23, '29541', 'Albuquerque', 'New Mexico', '87201');
insert into customer (customer_id, first_name, middle_name, last_name, date_of_birth, phone_num, email_address, password, apt_number, street, city, state, pincode) values (78, 'Tilly', null, 'Maffioletti', '1992-12-28', '+1 601 781 0423', 'tmaffioletti25@bbc.co.uk', 'CCneqQaxXmW', 85, '2', 'Jackson', 'Mississippi', '39204');
insert into customer (customer_id, first_name, middle_name, last_name, date_of_birth, phone_num, email_address, password, apt_number, street, city, state, pincode) values (79, 'Klaus', 'Strain', 'Woolard', '2000-01-31', '+1 215 101 1525', 'kwoolard26@prnewswire.com', 'qFOzmXeWOSg', 62, '039', 'Philadelphia', 'Pennsylvania', '19141');
insert into customer (customer_id, first_name, middle_name, last_name, date_of_birth, phone_num, email_address, password, apt_number, street, city, state, pincode) values (80, 'Helaine', null, 'Castellanos', '1985-04-04', '+1 518 598 9984', 'hcastellanos27@miibeian.gov.cn', 'x5gCxV', 79, '3', 'Albany', 'New York', '12242');
insert into customer (customer_id, first_name, middle_name, last_name, date_of_birth, phone_num, email_address, password, apt_number, street, city, state, pincode) values (81, 'Tomasina', 'Broschek', null, '2001-02-17', '+1 863 884 5003', 'tivashechkin28@pagesperso-orange.fr', 'Mhyn7LPJ8', 21, '7833', 'Winter Haven', 'Florida', '33884');
insert into customer (customer_id, first_name, middle_name, last_name, date_of_birth, phone_num, email_address, password, apt_number, street, city, state, pincode) values (82, 'Isobel', null, 'Jacquemot', '2023-02-03', '+1 915 315 5581', 'ijacquemot29@businesswire.com', 'WMpVH3wdIHFx', 28, '89419', 'El Paso', 'Texas', '88574');
insert into customer (customer_id, first_name, middle_name, last_name, date_of_birth, phone_num, email_address, password, apt_number, street, city, state, pincode) values (83, 'Ingemar', null, 'Hyman', '1994-04-20', '+1 682 296 7139', 'ihyman2a@webmd.com', '5NsnE7i', 43, '14081', 'Fort Worth', 'Texas', '76192');
insert into customer (customer_id, first_name, middle_name, last_name, date_of_birth, phone_num, email_address, password, apt_number, street, city, state, pincode) values (84, 'Emelen', null, 'McLaggan', '2015-02-13', '+1 571 485 0855', 'emclaggan2b@domainmarket.com', 'xcxwk8', 72, '301', 'Merrifield', 'Virginia', '22119');
insert into customer (customer_id, first_name, middle_name, last_name, date_of_birth, phone_num, email_address, password, apt_number, street, city, state, pincode) values (85, 'Wilhelm', null, 'Duthy', '2018-04-01', '+1 518 634 2754', 'wduthy2c@aboutads.info', 'Q3Q1hN7', 15, '55837', 'Schenectady', 'New York', '12325');
insert into customer (customer_id, first_name, middle_name, last_name, date_of_birth, phone_num, email_address, password, apt_number, street, city, state, pincode) values (86, 'Merrielle', 'Melly', 'Dawney', '1987-02-20', '+1 251 187 0519', 'mdawney2d@scribd.com', '0BxzZcybE', 94, '63949', 'Mobile', 'Alabama', '36616');
insert into customer (customer_id, first_name, middle_name, last_name, date_of_birth, phone_num, email_address, password, apt_number, street, city, state, pincode) values (87, 'Maire', null, 'Presnell', '1992-04-06', '+1 410 803 6904', 'mpresnell2e@sfgate.com', 'FuwnIZ', 75, '1', 'Baltimore', 'Maryland', '21275');
insert into customer (customer_id, first_name, middle_name, last_name, date_of_birth, phone_num, email_address, password, apt_number, street, city, state, pincode) values (88, 'Darrelle', null, null, '2012-09-29', '+1 561 333 9795', 'dqueree2f@mozilla.org', 'RFOeYyvl9', 1, '954', 'Boca Raton', 'Florida', '33499');
insert into customer (customer_id, first_name, middle_name, last_name, date_of_birth, phone_num, email_address, password, apt_number, street, city, state, pincode) values (89, 'Lillian', null, 'Ruthen', '2004-09-24', '+1 256 630 7703', 'lruthen2g@deviantart.com', 'QwjyEx6nnCoX', 36, '8604', 'Huntsville', 'Alabama', '35810');
insert into customer (customer_id, first_name, middle_name, last_name, date_of_birth, phone_num, email_address, password, apt_number, street, city, state, pincode) values (90, 'Gothart', null, null, '1997-12-29', '+1 818 408 6707', 'gzoane2h@ibm.com', 'pzH7MU5Ki', 56, '07', 'Northridge', 'California', '91328');
insert into customer (customer_id, first_name, middle_name, last_name, date_of_birth, phone_num, email_address, password, apt_number, street, city, state, pincode) values (91, 'Annadiana', null, 'Wescott', '2007-09-22', '+1 402 276 3934', 'awescott2i@oracle.com', 'dATL75L', 90, '1', 'Omaha', 'Nebraska', '68124');
insert into customer (customer_id, first_name, middle_name, last_name, date_of_birth, phone_num, email_address, password, apt_number, street, city, state, pincode) values (92, 'Orlando', null, null, '2004-10-27', '+1 954 876 9087', 'odugget2j@yelp.com', 'TW2MxrS9k', 88, '32239', 'Fort Lauderdale', 'Florida', '33325');
insert into customer (customer_id, first_name, middle_name, last_name, date_of_birth, phone_num, email_address, password, apt_number, street, city, state, pincode) values (93, 'Deonne', null, 'Darrington', '2012-12-07', '+1 309 290 1062', 'ddarrington2k@fda.gov', 'faO0uX', 45, '2', 'Peoria', 'Illinois', '61635');
insert into customer (customer_id, first_name, middle_name, last_name, date_of_birth, phone_num, email_address, password, apt_number, street, city, state, pincode) values (94, 'Yettie', null, 'Clulow', '2003-03-04', '+1 754 753 0018', 'yclulow2l@ehow.com', 'dJ43k0jpA6Nd', 53, '886', 'Fort Lauderdale', 'Florida', '33310');
insert into customer (customer_id, first_name, middle_name, last_name, date_of_birth, phone_num, email_address, password, apt_number, street, city, state, pincode) values (95, 'Rhianna', 'Dwight', 'Piotrowski', '2014-09-12', '+1 505 712 6123', 'rpiotrowski2m@springer.com', 'Wsrixd3Xm', 81, '6128', 'Santa Fe', 'New Mexico', '87592');
insert into customer (customer_id, first_name, middle_name, last_name, date_of_birth, phone_num, email_address, password, apt_number, street, city, state, pincode) values (96, 'Ichabod', null, 'Summerside', '2013-01-12', '+1 704 369 5061', 'isummerside2n@slideshare.net', '7vqAYKE', 33, '97', 'Charlotte', 'North Carolina', '28272');
insert into customer (customer_id, first_name, middle_name, last_name, date_of_birth, phone_num, email_address, password, apt_number, street, city, state, pincode) values (97, 'Nikolaus', null, 'Poole', '2009-08-27', '+1 337 499 7052', 'npoole2o@wufoo.com', 'qpaqidvC7B', 90, '8', 'Lake Charles', 'Louisiana', '70607');
insert into customer (customer_id, first_name, middle_name, last_name, date_of_birth, phone_num, email_address, password, apt_number, street, city, state, pincode) values (98, 'Alvinia', null, null, '2015-08-11', '+1 815 311 2312', 'ahammand2p@altervista.org', 'Q6ckiyZe3qk', 41, '06', 'Rockford', 'Illinois', '61110');
insert into customer (customer_id, first_name, middle_name, last_name, date_of_birth, phone_num, email_address, password, apt_number, street, city, state, pincode) values (99, 'Brianne', 'Budgett', 'Phalp', '1989-05-16', '+1 518 232 7266', 'bphalp2q@economist.com', 'q0BfGk', 48, '480', 'Albany', 'New York', '12237');
insert into customer (customer_id, first_name, middle_name, last_name, date_of_birth, phone_num, email_address, password, apt_number, street, city, state, pincode) values (100, 'Chryste', null, 'Iacobo', '1998-12-08', '+1 203 281 6736', 'ciacobo2r@tinypic.com', 'Xhju18', 21, '8', 'Waterbury', 'Connecticut', '06721');



-- selller database
insert into seller (seller_id, name, phone_num, apt_number, street, city, state, pincode) values (1, 'McClure-Kassulke', '+1 360 554 1084', 52, '2963', 'Vancouver', 'Washington', '98664');
insert into seller (seller_id, name, phone_num, apt_number, street, city, state, pincode) values (2, 'Swift-Bednar', '+1 402 990 0531', 29, '867', 'Omaha', 'Nebraska', '68105');
insert into seller (seller_id, name, phone_num, apt_number, street, city, state, pincode) values (3, 'Hilll, Pagac and Cormier', '+1 813 436 2035', 45, '9637', 'Zephyrhills', 'Florida', '33543');
insert into seller (seller_id, name, phone_num, apt_number, street, city, state, pincode) values (4, 'Brown-Kunze', '+1 225 941 0763', 12, '80480', 'Baton Rouge', 'Louisiana', '70820');
insert into seller (seller_id, name, phone_num, apt_number, street, city, state, pincode) values (5, 'Rath Inc', '+1 570 691 4446', 74, '07692', 'Wilkes Barre', 'Pennsylvania', '18706');
insert into seller (seller_id, name, phone_num, apt_number, street, city, state, pincode) values (6, 'Huels, Steuber and Breitenberg', '+1 713 521 2297', 27, '6', 'Houston', 'Texas', '77206');
insert into seller (seller_id, name, phone_num, apt_number, street, city, state, pincode) values (7, 'Mitchell Inc', '+1 234 438 6356', 96, '98615', 'Akron', 'Ohio', '44393');
insert into seller (seller_id, name, phone_num, apt_number, street, city, state, pincode) values (8, 'Smitham, Walsh and Purdy', '+1 516 661 9230', 95, '436', 'New Hyde Park', 'New York', '11044');
insert into seller (seller_id, name, phone_num, apt_number, street, city, state, pincode) values (9, 'Tromp, Quitzon and Gleichner', '+1 303 163 0704', 97, '81938', 'Aurora', 'Colorado', '80045');
insert into seller (seller_id, name, phone_num, apt_number, street, city, state, pincode) values (10, 'Thiel, Pollich and Windler', '+1 585 202 9690', 51, '203', 'Rochester', 'New York', '14614');
insert into seller (seller_id, name, phone_num, apt_number, street, city, state, pincode) values (11, 'Glover Inc', '+1 678 263 2821', 21, '27', 'Lawrenceville', 'Georgia', '30245');
insert into seller (seller_id, name, phone_num, apt_number, street, city, state, pincode) values (12, 'Gusikowski LLC', '+1 304 414 9892', 60, '576', 'Huntington', 'West Virginia', '25711');
insert into seller (seller_id, name, phone_num, apt_number, street, city, state, pincode) values (13, 'Funk-Hansen', '+1 517 297 4675', 92, '5172', 'Lansing', 'Michigan', '48919');
insert into seller (seller_id, name, phone_num, apt_number, street, city, state, pincode) values (14, 'Schaefer, Adams and Buckridge', '+1 816 432 0808', 21, '60844', 'Kansas City', 'Missouri', '64160');
insert into seller (seller_id, name, phone_num, apt_number, street, city, state, pincode) values (15, 'Veum-O''Conner', '+1 412 448 0436', 81, '77', 'Pittsburgh', 'Pennsylvania', '15240');
insert into seller (seller_id, name, phone_num, apt_number, street, city, state, pincode) values (16, 'Will-Sipes', '+1 256 973 4138', 26, '662', 'Huntsville', 'Alabama', '35815');
insert into seller (seller_id, name, phone_num, apt_number, street, city, state, pincode) values (17, 'Okuneva and Sons', '+1 863 224 7151', 36, '792', 'Lakeland', 'Florida', '33811');
insert into seller (seller_id, name, phone_num, apt_number, street, city, state, pincode) values (18, 'Herzog-Hamill', '+1 352 867 3727', 8, '7325', 'Brooksville', 'Florida', '34605');
insert into seller (seller_id, name, phone_num, apt_number, street, city, state, pincode) values (19, 'Daugherty-Bernier', '+1 803 934 2857', 82, '53447', 'Columbia', 'South Carolina', '29203');
insert into seller (seller_id, name, phone_num, apt_number, street, city, state, pincode) values (20, 'Moen Group', '+1 682 478 0816', 70, '5333', 'Fort Worth', 'Texas', '76115');
insert into seller (seller_id, name, phone_num, apt_number, street, city, state, pincode) values (21, 'Parker LLC', '+1 682 838 9125', 19, '74451', 'Fort Worth', 'Texas', '76162');
insert into seller (seller_id, name, phone_num, apt_number, street, city, state, pincode) values (22, 'Corkery Inc', '+1 256 893 1060', 2, '138', 'Huntsville', 'Alabama', '35815');
insert into seller (seller_id, name, phone_num, apt_number, street, city, state, pincode) values (23, 'Haag Group', '+1 757 524 2959', 6, '70302', 'Virginia Beach', 'Virginia', '23464');
insert into seller (seller_id, name, phone_num, apt_number, street, city, state, pincode) values (24, 'Yundt-Hessel', '+1 616 215 5203', 91, '195', 'Grand Rapids', 'Michigan', '49510');
insert into seller (seller_id, name, phone_num, apt_number, street, city, state, pincode) values (25, 'Kuhic and Sons', '+1 334 380 0095', 60, '6523', 'Montgomery', 'Alabama', '36119');
insert into seller (seller_id, name, phone_num, apt_number, street, city, state, pincode) values (26, 'Lowe-Rohan', '+1 626 984 3469', 90, '0', 'Pasadena', 'California', '91186');
insert into seller (seller_id, name, phone_num, apt_number, street, city, state, pincode) values (27, 'Fadel LLC', '+1 203 216 8388', 81, '752', 'New Haven', 'Connecticut', '06533');
insert into seller (seller_id, name, phone_num, apt_number, street, city, state, pincode) values (28, 'Pacocha LLC', '+1 313 500 5382', 17, '8', 'Detroit', 'Michigan', '48242');
insert into seller (seller_id, name, phone_num, apt_number, street, city, state, pincode) values (29, 'Roberts Inc', '+1 352 569 6087', 81, '3', 'Ocala', 'Florida', '34474');
insert into seller (seller_id, name, phone_num, apt_number, street, city, state, pincode) values (30, 'Tillman LLC', '+1 701 622 7538', 32, '49', 'Fargo', 'North Dakota', '58106');
insert into seller (seller_id, name, phone_num, apt_number, street, city, state, pincode) values (31, 'Pacocha, Schneider and Smith', '+1 904 153 6564', 59, '57189', 'Jacksonville', 'Florida', '32215');
insert into seller (seller_id, name, phone_num, apt_number, street, city, state, pincode) values (32, 'Shields-Haley', '+1 763 276 1799', 42, '1964', 'Monticello', 'Minnesota', '55590');
insert into seller (seller_id, name, phone_num, apt_number, street, city, state, pincode) values (33, 'Sporer, Monahan and Towne', '+1 907 142 5771', 22, '160', 'Anchorage', 'Alaska', '99599');
insert into seller (seller_id, name, phone_num, apt_number, street, city, state, pincode) values (34, 'Bauch-Hettinger', '+1 228 897 2774', 22, '19', 'Gulfport', 'Mississippi', '39505');
insert into seller (seller_id, name, phone_num, apt_number, street, city, state, pincode) values (35, 'Hudson-O''Conner', '+1 215 306 1280', 48, '919', 'Philadelphia', 'Pennsylvania', '19125');
insert into seller (seller_id, name, phone_num, apt_number, street, city, state, pincode) values (36, 'Champlin, Mante and Stokes', '+1 603 544 8330', 15, '92', 'Portsmouth', 'New Hampshire', '00214');
insert into seller (seller_id, name, phone_num, apt_number, street, city, state, pincode) values (37, 'Ratke Group', '+1 505 171 1311', 7, '1731', 'Santa Fe', 'New Mexico', '87592');
insert into seller (seller_id, name, phone_num, apt_number, street, city, state, pincode) values (38, 'Lind Inc', '+1 850 493 6712', 3, '1446', 'Pensacola', 'Florida', '32505');
insert into seller (seller_id, name, phone_num, apt_number, street, city, state, pincode) values (39, 'Dicki, Zieme and Miller', '+1 954 306 7603', 4, '96818', 'Fort Lauderdale', 'Florida', '33305');
insert into seller (seller_id, name, phone_num, apt_number, street, city, state, pincode) values (40, 'Wehner Group', '+1 913 613 3125', 45, '06835', 'Kansas City', 'Kansas', '66112');
insert into seller (seller_id, name, phone_num, apt_number, street, city, state, pincode) values (41, 'Little LLC', '+1 515 136 9890', 91, '46272', 'Des Moines', 'Iowa', '50393');
insert into seller (seller_id, name, phone_num, apt_number, street, city, state, pincode) values (42, 'Walker-Runolfsson', '+1 480 460 0083', 71, '24891', 'Scottsdale', 'Arizona', '85271');
insert into seller (seller_id, name, phone_num, apt_number, street, city, state, pincode) values (43, 'Cruickshank and Sons', '+1 716 952 4864', 94, '339', 'Buffalo', 'New York', '14225');
insert into seller (seller_id, name, phone_num, apt_number, street, city, state, pincode) values (44, 'Ritchie, Turcotte and Koss', '+1 316 493 6465', 62, '41159', 'Wichita', 'Kansas', '67210');
insert into seller (seller_id, name, phone_num, apt_number, street, city, state, pincode) values (45, 'Bode, Rolfson and Lemke', '+1 714 749 2485', 6, '9', 'Santa Ana', 'California', '92725');
insert into seller (seller_id, name, phone_num, apt_number, street, city, state, pincode) values (46, 'Willms-Franecki', '+1 937 866 6134', 18, '2', 'Dayton', 'Ohio', '45414');
insert into seller (seller_id, name, phone_num, apt_number, street, city, state, pincode) values (47, 'Howe-Stoltenberg', '+1 714 496 7825', 74, '96', 'Los Angeles', 'California', '90040');
insert into seller (seller_id, name, phone_num, apt_number, street, city, state, pincode) values (48, 'Reynolds-Rogahn', '+1 214 393 2009', 32, '5', 'Dallas', 'Texas', '75251');
insert into seller (seller_id, name, phone_num, apt_number, street, city, state, pincode) values (49, 'Bashirian-Wisoky', '+1 727 813 1438', 88, '58', 'Saint Petersburg', 'Florida', '33705');
insert into seller (seller_id, name, phone_num, apt_number, street, city, state, pincode) values (50, 'Boyer-Fisher', '+1 804 371 4929', 44, '10178', 'Richmond', 'Virginia', '23228');
insert into seller (seller_id, name, phone_num, apt_number, street, city, state, pincode) values (51, 'Kuhic Group', '+1 240 519 0957', 83, '35844', 'Gaithersburg', 'Maryland', '20883');
insert into seller (seller_id, name, phone_num, apt_number, street, city, state, pincode) values (52, 'Turner, Mueller and Langworth', '+1 360 201 3806', 19, '8493', 'Vancouver', 'Washington', '98682');
insert into seller (seller_id, name, phone_num, apt_number, street, city, state, pincode) values (53, 'Ziemann-Hilpert', '+1 502 735 4768', 63, '60', 'Louisville', 'Kentucky', '40250');
insert into seller (seller_id, name, phone_num, apt_number, street, city, state, pincode) values (54, 'Stoltenberg, Windler and Bogisich', '+1 304 633 4482', 28, '790', 'Huntington', 'West Virginia', '25711');
insert into seller (seller_id, name, phone_num, apt_number, street, city, state, pincode) values (55, 'O''Reilly-Kris', '+1 850 199 6684', 48, '512', 'Pensacola', 'Florida', '32590');
insert into seller (seller_id, name, phone_num, apt_number, street, city, state, pincode) values (56, 'Ernser-Prohaska', '+1 763 134 4203', 55, '2580', 'Maple Plain', 'Minnesota', '55572');
insert into seller (seller_id, name, phone_num, apt_number, street, city, state, pincode) values (57, 'Koelpin, Adams and Lakin', '+1 714 566 6720', 64, '80', 'Garden Grove', 'California', '92645');
insert into seller (seller_id, name, phone_num, apt_number, street, city, state, pincode) values (58, 'Steuber-McDermott', '+1 269 876 5797', 84, '3561', 'Kalamazoo', 'Michigan', '49006');
insert into seller (seller_id, name, phone_num, apt_number, street, city, state, pincode) values (59, 'Hirthe, Smitham and Purdy', '+1 404 153 1484', 5, '4059', 'Atlanta', 'Georgia', '30356');
insert into seller (seller_id, name, phone_num, apt_number, street, city, state, pincode) values (60, 'Runolfsdottir, Hand and Hermann', '+1 202 120 3021', 76, '7489', 'Washington', 'District of Columbia', '20409');
insert into seller (seller_id, name, phone_num, apt_number, street, city, state, pincode) values (61, 'Collier-Kris', '+1 303 207 0394', 99, '90', 'Denver', 'Colorado', '80223');
insert into seller (seller_id, name, phone_num, apt_number, street, city, state, pincode) values (62, 'Osinski-Schneider', '+1 303 721 4253', 39, '0', 'Denver', 'Colorado', '80228');
insert into seller (seller_id, name, phone_num, apt_number, street, city, state, pincode) values (63, 'Emard, Gleichner and Gerhold', '+1 718 300 3136', 29, '29', 'Flushing', 'New York', '11388');
insert into seller (seller_id, name, phone_num, apt_number, street, city, state, pincode) values (64, 'Murray and Sons', '+1 215 676 3052', 3, '066', 'Philadelphia', 'Pennsylvania', '19160');
insert into seller (seller_id, name, phone_num, apt_number, street, city, state, pincode) values (65, 'Gottlieb Group', '+1 419 332 1574', 55, '5', 'Toledo', 'Ohio', '43666');
insert into seller (seller_id, name, phone_num, apt_number, street, city, state, pincode) values (66, 'Heaney, Stoltenberg and Kihn', '+1 989 734 0206', 14, '50', 'Saginaw', 'Michigan', '48609');
insert into seller (seller_id, name, phone_num, apt_number, street, city, state, pincode) values (67, 'McGlynn-Lueilwitz', '+1 339 948 2161', 96, '48349', 'Woburn', 'Massachusetts', '01813');
insert into seller (seller_id, name, phone_num, apt_number, street, city, state, pincode) values (68, 'Rohan-Bernhard', '+1 217 445 3842', 11, '5050', 'Springfield', 'Illinois', '62711');
insert into seller (seller_id, name, phone_num, apt_number, street, city, state, pincode) values (69, 'Dickens-Bednar', '+1 423 927 6951', 31, '77', 'Kingsport', 'Tennessee', '37665');
insert into seller (seller_id, name, phone_num, apt_number, street, city, state, pincode) values (70, 'Emmerich LLC', '+1 601 804 6191', 68, '77', 'Jackson', 'Mississippi', '39296');
insert into seller (seller_id, name, phone_num, apt_number, street, city, state, pincode) values (71, 'Cummerata-Waelchi', '+1 763 609 2529', 3, '78833', 'Monticello', 'Minnesota', '55585');
insert into seller (seller_id, name, phone_num, apt_number, street, city, state, pincode) values (72, 'Denesik and Sons', '+1 205 326 9552', 24, '77', 'Birmingham', 'Alabama', '35225');
insert into seller (seller_id, name, phone_num, apt_number, street, city, state, pincode) values (73, 'Kub, Erdman and Wisoky', '+1 203 460 1167', 31, '82748', 'Waterbury', 'Connecticut', '06726');
insert into seller (seller_id, name, phone_num, apt_number, street, city, state, pincode) values (74, 'Nikolaus and Sons', '+1 502 731 9406', 38, '53', 'Louisville', 'Kentucky', '40293');
insert into seller (seller_id, name, phone_num, apt_number, street, city, state, pincode) values (75, 'Grady-Jacobs', '+1 317 479 2810', 19, '1146', 'Indianapolis', 'Indiana', '46295');
insert into seller (seller_id, name, phone_num, apt_number, street, city, state, pincode) values (76, 'Bauch-Cummings', '+1 213 367 4929', 59, '8', 'Los Angeles', 'California', '90055');
insert into seller (seller_id, name, phone_num, apt_number, street, city, state, pincode) values (77, 'Hamill, Dietrich and Mohr', '+1 518 111 9363', 67, '42', 'Albany', 'New York', '12205');
insert into seller (seller_id, name, phone_num, apt_number, street, city, state, pincode) values (78, 'Upton Group', '+1 203 196 2057', 8, '4110', 'Norwalk', 'Connecticut', '06859');
insert into seller (seller_id, name, phone_num, apt_number, street, city, state, pincode) values (79, 'Crooks, Altenwerth and Wintheiser', '+1 239 995 5209', 17, '57', 'Fort Myers', 'Florida', '33906');
insert into seller (seller_id, name, phone_num, apt_number, street, city, state, pincode) values (80, 'Daniel Group', '+1 719 962 4770', 89, '6', 'Colorado Springs', 'Colorado', '80940');
insert into seller (seller_id, name, phone_num, apt_number, street, city, state, pincode) values (81, 'Aufderhar LLC', '+1 914 689 3870', 49, '46', 'Mount Vernon', 'New York', '10557');
insert into seller (seller_id, name, phone_num, apt_number, street, city, state, pincode) values (82, 'Witting LLC', '+1 254 209 3680', 81, '4607', 'Waco', 'Texas', '76711');
insert into seller (seller_id, name, phone_num, apt_number, street, city, state, pincode) values (83, 'O''Hara, Simonis and Mayert', '+1 704 198 4419', 6, '5', 'Charlotte', 'North Carolina', '28272');
insert into seller (seller_id, name, phone_num, apt_number, street, city, state, pincode) values (84, 'Huel, Dare and Lebsack', '+1 801 749 4563', 6, '978', 'Salt Lake City', 'Utah', '84105');
insert into seller (seller_id, name, phone_num, apt_number, street, city, state, pincode) values (85, 'Carroll and Sons', '+1 862 736 5887', 64, '8889', 'Paterson', 'New Jersey', '07544');
insert into seller (seller_id, name, phone_num, apt_number, street, city, state, pincode) values (86, 'Effertz-Wisoky', '+1 321 576 9855', 69, '57', 'Melbourne', 'Florida', '32941');
insert into seller (seller_id, name, phone_num, apt_number, street, city, state, pincode) values (87, 'Paucek-Smitham', '+1 559 166 5802', 46, '4', 'Visalia', 'California', '93291');
insert into seller (seller_id, name, phone_num, apt_number, street, city, state, pincode) values (88, 'Block, Gibson and Moen', '+1 281 342 7043', 2, '14', 'Houston', 'Texas', '77090');
insert into seller (seller_id, name, phone_num, apt_number, street, city, state, pincode) values (89, 'Hilpert LLC', '+1 847 963 3653', 38, '3223', 'Evanston', 'Illinois', '60208');
insert into seller (seller_id, name, phone_num, apt_number, street, city, state, pincode) values (90, 'Jakubowski-Raynor', '+1 314 724 2595', 74, '181', 'Saint Louis', 'Missouri', '63143');
insert into seller (seller_id, name, phone_num, apt_number, street, city, state, pincode) values (91, 'O''Conner-Terry', '+1 915 196 8310', 16, '52', 'El Paso', 'Texas', '79916');
insert into seller (seller_id, name, phone_num, apt_number, street, city, state, pincode) values (92, 'Herzog, Smitham and Strosin', '+1 505 270 8367', 32, '145', 'Albuquerque', 'New Mexico', '87121');
insert into seller (seller_id, name, phone_num, apt_number, street, city, state, pincode) values (93, 'Greenholt-Torphy', '+1 478 723 5261', 96, '39041', 'Macon', 'Georgia', '31296');
insert into seller (seller_id, name, phone_num, apt_number, street, city, state, pincode) values (94, 'Bayer-Schmitt', '+1 773 375 5314', 62, '6758', 'Chicago', 'Illinois', '60624');
insert into seller (seller_id, name, phone_num, apt_number, street, city, state, pincode) values (95, 'Auer LLC', '+1 209 135 5836', 81, '12469', 'Stockton', 'California', '95298');
insert into seller (seller_id, name, phone_num, apt_number, street, city, state, pincode) values (96, 'Schulist-Ryan', '+1 804 751 8450', 69, '9467', 'Richmond', 'Virginia', '23289');
insert into seller (seller_id, name, phone_num, apt_number, street, city, state, pincode) values (97, 'Renner Group', '+1 410 618 7019', 89, '01', 'Baltimore', 'Maryland', '21265');
insert into seller (seller_id, name, phone_num, apt_number, street, city, state, pincode) values (98, 'Monahan Inc', '+1 912 276 1974', 14, '78', 'Savannah', 'Georgia', '31416');
insert into seller (seller_id, name, phone_num, apt_number, street, city, state, pincode) values (99, 'Schuppe-Emard', '+1 682 127 6860', 35, '03', 'Fort Worth', 'Texas', '76198');
insert into seller (seller_id, name, phone_num, apt_number, street, city, state, pincode) values (100, 'Predovic, Hilll and Klein', '+1 781 676 3408', 90, '4', 'Cambridge', 'Massachusetts', '02142');

-- category database

insert into category (category_id, name) values (1, 'Fruits');
insert into category (category_id, name) values (2, 'Vegetables');
insert into category (category_id, name) values (3, 'Bakery and Bread');
insert into category (category_id, name) values (4, 'Dry Fruits, Oils and Spices');
insert into category (category_id, name) values (5, 'Dairy and Eggs');
insert into category (category_id, name) values (6, 'Instant Food');
insert into category (category_id, name) values (7, 'Chocolates and Dessert');
insert into category (category_id, name) values (8, 'Snacks');
insert into category (category_id, name) values (9, 'Beverages');
insert into category (category_id, name) values (10, 'Cereals and Breakfast');
insert into category (category_id, name) values (11, 'Frozen Food');
insert into category (category_id, name) values (12, 'Health and Beauty');
insert into category (category_id, name) values (13, 'Biscuits');
insert into category (category_id, name) values (14, 'Personal Care and Hygiene');
insert into category (category_id, name) values (15, 'Cleaning and Household');
insert into category (category_id, name) values (16, 'Baby and Child Care');
insert into category (category_id, name) values (17, 'Pet Care');
insert into category (category_id, name) values (18, 'Organic Food');
insert into category (category_id, name) values (19, 'Gourmet Products');
insert into category (category_id, name) values (20, 'Wine and Spirits');
insert into category (category_id, name) values (21, 'Sports and Energy Drinks');
insert into category (category_id, name) values (22, 'Rice, Wheat, Grains');
insert into category (category_id, name) values (23, 'Imported Products');
insert into category (category_id, name) values (24, 'Gluten Free Items');
insert into category (category_id, name) values (25, 'Stationery');

-- product databse
insert into Product (product_id, name, price, quantity, rating, description, seller_id, category_id) values (1, 'Apple', 0.99, 100, 4, 'Red and juicy apples', 1, 1);
insert into Product (product_id, name, price, quantity, rating, description, seller_id, category_id) values (2, 'Banana', 0.49, 200, 4, 'Yellow and sweet bananas', 2, 1);
insert into Product (product_id, name, price, quantity, rating, description, seller_id, category_id) values (3, 'Carrot', 0.79, 50, 4, 'Orange and crunchy carrots', 3, 2);
insert into Product (product_id, name, price, quantity, rating, description, seller_id, category_id) values (4, 'Tomato', 0.69, 150, 4, 'Red and juicy tomatoes', 4, 2);
insert into Product (product_id, name, price, quantity, rating, description, seller_id, category_id) values (5, 'Baguette', 1.99, 80, 4, 'Freshly baked baguette', 5, 3);
insert into Product (product_id, name, price, quantity, rating, description, seller_id, category_id) values (6, 'Croissant', 2.49, 50, 4, 'Flaky and buttery croissant', 6, 3);
insert into Product (product_id, name, price, quantity, rating, description, seller_id, category_id) values (7, 'Almonds', 9.99, 40, 4, 'Roasted and salted almonds', 7, 4);
insert into Product (product_id, name, price, quantity, rating, description, seller_id, category_id) values (8, 'Cumin Seeds', 4.99, 30, 4, 'High quality cumin seeds', 8, 4);
insert into Product (product_id, name, price, quantity, rating, description, seller_id, category_id) values (9, 'Milk', 3.99, 200, 4, 'Fresh and creamy milk', 9, 5);
insert into Product (product_id, name, price, quantity, rating, description, seller_id, category_id) values (10, 'Eggs', 1.99, 300, 4, 'Fresh and large eggs', 10, 5);
insert into Product (product_id, name, price, quantity, rating, description, seller_id, category_id) values (11, 'Instant Noodles', 1.99, 200, 4, 'Delicious and easy to cook instant noodles', 11, 6);
insert into Product (product_id, name, price, quantity, rating, description, seller_id, category_id) values (12, 'Instant Rice', 2.99, 150, 4, 'Quick and easy to cook instant rice', 12, 6);
insert into Product (product_id, name, price, quantity, rating, description, seller_id, category_id) values (13, 'Chocolate Chip Cookies', 2.99, 50, 4, 'Soft and chewy chocolate chip cookies, made with high-quality ingredients', 1, 3);
insert into Product (product_id, name, price, quantity, rating, description, seller_id, category_id) values (14, 'Almond Biscuits', 1.99, 75, 4, 'Crunchy biscuits made with almonds and a touch of honey', 1, 13);
insert into Product (product_id, name, price, quantity, rating, description, seller_id, category_id) values (15, 'Handwash', 3.49, 25, 4, 'Antibacterial hand wash with a refreshing fragrance', 2, 14);
insert into Product (product_id, name, price, quantity, rating, description, seller_id, category_id) values (16, 'Toothpaste', 2.99, 30, 4, 'Fluoride-based toothpaste that helps fight cavities and freshens breath', 2, 14);
insert into Product (product_id, name, price, quantity, rating, description, seller_id, category_id) values (17, 'All-Purpose Cleaner', 4.99, 20, 3, 'A powerful cleaning solution that removes dirt and grime from all surfaces', 2, 15);
insert into Product (product_id, name, price, quantity, rating, description, seller_id, category_id) values (18, 'Diapers', 8.99, 50, 4, 'Comfortable and absorbent diapers for babies of all sizes', 3, 16);
insert into Product (product_id, name, price, quantity, rating, description, seller_id, category_id) values (19, 'Pet Food', 9.99, 40, 4, 'Premium quality dog food made with natural ingredients', 3, 17);
insert into Product (product_id, name, price, quantity, rating, description, seller_id, category_id) values (20, 'Organic Rice', 5.99, 20, 4, 'Organically grown long grain rice, free from pesticides and chemicals', 3, 18);
insert into Product (product_id, name, price, quantity, rating, description, seller_id, category_id) values (21, 'Gourmet Cheese', 12.99, 30, 4, 'A selection of premium cheeses from around the world', 4, 19);
insert into Product (product_id, name, price, quantity, rating, description, seller_id, category_id) values (22, 'Red Wine', 14.99, 15, 4, 'A full-bodied red wine with hints of dark fruit and oak', 4, 20);
insert into Product (product_id, name, price, quantity, rating, description, seller_id, category_id) values (23, 'Sports Drink', 2.99, 50, 3, 'A hydrating sports drink with electrolytes to help replenish lost fluids', 5, 21);
insert into Product (product_id, name, price, quantity, rating, description, seller_id, category_id) values (24, 'Basmati Rice', 4.99, 25, 4, 'Long grain basmati rice with a fluffy texture and mild flavor', 5, 22);
insert into product (product_id, name, price, quantity, rating, description, seller_id, category_id) values (25, 'Gluten-Free Biscuits', 5.99, 50, 4, 'Delicious gluten-free biscuits made with natural ingredients', 2, 24);
insert into Product (product_id, name, price, quantity, rating, description, seller_id, category_id) values (26, 'Apple Juice', 4.99, 50, 4, 'A delicious and refreshing drink made from fresh apples', 1, 9);
insert into Product (product_id, name, price, quantity, rating, description, seller_id, category_id) values (27, 'Organic Whole Wheat Bread', 3.99, 30, 5, 'A healthy and nutritious loaf of bread made from organic whole wheat', 2, 3);
insert into Product (product_id, name, price, quantity, rating, description, seller_id, category_id) values (28, 'Roasted Almonds', 9.99, 40, 4, 'Crunchy and delicious roasted almonds, perfect for snacking or adding to recipes', 3, 4);
insert into Product (product_id, name, price, quantity, rating, description, seller_id, category_id) values (29, 'Organic Greek Yogurt', 2.99, 70, 4, 'A creamy and tangy yogurt made from organic milk', 4, 5);
insert into Product (product_id, name, price, quantity, rating, description, seller_id, category_id) values (30, 'Stapler', 4.99, 20, 4, 'A sturdy and reliable stapler for all your paper-related needs', 5, 25);
insert into product (product_id, name, price, quantity, rating, description, seller_id, category_id) values (31, 'Organic Apples', 2.99, 100, 5, 'Fresh organic apples, perfect for a healthy snack', 4, 1);
insert into product (product_id, name, price, quantity, rating, description, seller_id, category_id) values (32, 'Organic Carrots', 1.99, 80, 5, 'Fresh organic carrots, great for cooking and eating', 3, 2);
insert into product (product_id, name, price, quantity, rating, description, seller_id, category_id) values (33, 'Organic Whole Wheat Bread', 4.99, 40, 4, 'Organic whole wheat bread, perfect for a healthy breakfast', 1, 3);
insert into product (product_id, name, price, quantity, rating, description, seller_id, category_id) values (34, 'Organic Almonds', 9.99, 30, 4, 'Organic almonds, a great source of protein and healthy fats', 2, 4);
insert into product (product_id, name, price, quantity, rating, description, seller_id, category_id) values (35, 'Organic Milk', 4.99, 50, 5, 'Organic milk, perfect for coffee or cereal', 5, 5);
insert into product (product_id, name, price, quantity, rating, description, seller_id, category_id) values (36, 'Organic Chicken Eggs', 3.99, 60, 5, 'Organic chicken eggs, perfect for breakfast', 4, 5);
insert into product (product_id, name, price, quantity, rating, description, seller_id, category_id) values (37, 'Organic Instant Noodles', 2.99, 70, 4, 'Organic instant noodles, perfect for a quick and easy meal', 3, 6);
insert into product (product_id, name, price, quantity, rating, description, seller_id, category_id) values (38, 'Organic Dark Chocolate', 7.99, 40, 5, 'Organic dark chocolate, perfect for a healthy dessert', 2, 7);
insert into product (product_id, name, price, quantity, rating, description, seller_id, category_id) values (39, 'Organic Chips', 3.99, 60, 4, 'Organic chips, perfect for a healthy snack', 1, 8);
insert into product (product_id, name, price, quantity, rating, description, seller_id, category_id) values (40, 'Organic Green Tea', 6.99, 50, 5, 'Organic green tea, perfect for a healthy and refreshing drink', 4, 9);
insert into Product (product_id, name, price, quantity, rating, description, seller_id, category_id) values (41, 'Organic Almonds', 8.99, 50, 4, 'Organically grown almonds from California', 3, 18);
insert into Product (product_id, name, price, quantity, rating, description, seller_id, category_id) values (42, 'Organic Cashews', 11.99, 40, 5, 'Organically grown cashews from India', 4, 18);
insert into Product (product_id, name, price, quantity, rating, description, seller_id, category_id) values (43, 'Organic Walnuts', 9.99, 35, 4, 'Organically grown walnuts from Washington', 2, 18);
insert into Product (product_id, name, price, quantity, rating, description, seller_id, category_id) values (44, 'Organic Pecans', 12.99, 45, 5, 'Organically grown pecans from Georgia', 5, 18);
insert into Product (product_id, name, price, quantity, rating, description, seller_id, category_id) values (45, 'Organic Macadamia Nuts', 14.99, 30, 4, 'Organically grown macadamia nuts from Hawaii', 6, 18);
insert into Product (product_id, name, price, quantity, rating, description, seller_id, category_id) values (46, 'Organic Hazelnuts', 11.99, 40, 5, 'Organically grown hazelnuts from Oregon', 7, 18);
insert into Product (product_id, name, price, quantity, rating, description, seller_id, category_id) values (47, 'Organic Pistachios', 8.99, 50, 4, 'Organically grown pistachios from California', 8, 18);
insert into Product (product_id, name, price, quantity, rating, description, seller_id, category_id) values (48, 'Organic Peanuts', 7.99, 60, 4, 'Organically grown peanuts from Texas', 9, 18);
insert into Product (product_id, name, price, quantity, rating, description, seller_id, category_id) values (49, 'Organic Brazil Nuts', 9.99, 55, 5, 'Organically grown brazil nuts from Brazil', 10, 18);
insert into Product (product_id, name, price, quantity, rating, description, seller_id, category_id) values (50, 'Organic Pine Nuts', 12.99, 45, 4, 'Organically grown pine nuts from China', 11, 18);
insert into Product (product_id, name, price, quantity, rating, description, seller_id, category_id) values (51, 'Organic Almonds', 10.99, 50, 4, 'Organic almonds grown without any chemical pesticides', 4, 18);
insert into Product (product_id, name, price, quantity, rating, description, seller_id, category_id) values (52, 'Organic Cashews', 12.99, 40, 4, 'Organic cashews grown without any chemical pesticides', 4, 18);
insert into Product (product_id, name, price, quantity, rating, description, seller_id, category_id) values (53, 'Organic Raisins', 8.99, 60, 4, 'Organic raisins grown without any chemical pesticides', 4, 18);
insert into Product (product_id, name, price, quantity, rating, description, seller_id, category_id) values (54, 'Organic Walnuts', 11.99, 35, 4, 'Organic walnuts grown without any chemical pesticides', 4, 18);
insert into Product (product_id, name, price, quantity, rating, description, seller_id, category_id) values (55, 'Organic Peanut Butter', 6.99, 30, 4, 'Organic peanut butter made with organic peanuts', 4, 18);
insert into Product (product_id, name, price, quantity, rating, description, seller_id, category_id) values (56, 'Organic Quinoa', 7.99, 40, 4, 'Organic quinoa grown without any chemical pesticides', 4, 18);
insert into Product (product_id, name, price, quantity, rating, description, seller_id, category_id) values (57, 'Organic Brown Rice', 5.99, 50, 4, 'Organic brown rice grown without any chemical pesticides', 4, 18);
insert into Product (product_id, name, price, quantity, rating, description, seller_id, category_id) values (58, 'Organic Oats', 4.99, 40, 4, 'Organic oats grown without any chemical pesticides', 4, 18);
insert into Product (product_id, name, price, quantity, rating, description, seller_id, category_id) values (59, 'Organic Agave Nectar', 7.99, 25, 4, 'Organic agave nectar made with organic agave syrup', 4, 18);
insert into Product (product_id, name, price, quantity, rating, description, seller_id, category_id) values (60, 'Organic Honey', 12.99, 30, 4, 'Organic honey made with organic flowers', 4, 18);
insert into Product (product_id, name, price, quantity, rating, description, seller_id, category_id) values (61, 'Apple Juice', 3.50, 20, 4, 'Made from freshly squeezed apples', 1, 9);
insert into Product (product_id, name, price, quantity, rating, description, seller_id, category_id) values (62, 'Banana Chips', 4.99, 15, 5, 'Crunchy banana chips made from ripe bananas', 2, 8);
insert into Product (product_id, name, price, quantity, rating, description, seller_id, category_id) values (63, 'Multi-Grain Bread', 3.50, 20, 4, 'Healthy multi-grain bread made from wheat, oats, and rye', 3, 3);
insert into Product (product_id, name, price, quantity, rating, description, seller_id, category_id) values (64, 'Cinnamon Powder', 5.99, 10, 4, 'High quality cinnamon powder for baking and cooking', 4, 4);
insert into Product (product_id, name, price, quantity, rating, description, seller_id, category_id) values (65, 'Organic Eggs', 4.00, 30, 5, 'Fresh organic eggs from free-range chickens', 5, 5);
insert into Product (product_id, name, price, quantity, rating, description, seller_id, category_id) values (66, 'Instant Noodles', 1.50, 50, 3, 'Quick and easy instant noodles', 6, 6);
insert into Product (product_id, name, price, quantity, rating, description, seller_id, category_id) values (67, 'Chocolate Brownies', 3.99, 20, 5, 'Delicious and rich chocolate brownies', 7, 7);
insert into Product (product_id, name, price, quantity, rating, description, seller_id, category_id) values (68, 'Potato Chips', 2.50, 30, 4, 'Crispy and salty potato chips', 8, 8);
insert into Product (product_id, name, price, quantity, rating, description, seller_id, category_id) values (69, 'Green Tea', 2.99, 25, 4, 'Refreshing and healthy green tea', 9, 9);
insert into Product (product_id, name, price, quantity, rating, description, seller_id, category_id) values (70, 'Oatmeal', 4.99, 15, 4, 'Healthy and delicious oatmeal for breakfast', 10, 10);
insert into Product (product_id, name, price, quantity, rating, description, seller_id, category_id) values (71, 'Organic Brown Rice', 6.99, 25, 4, 'Whole grain organic brown rice, gluten-free and non-GMO', 1, 18);
insert into Product (product_id, name, price, quantity, rating, description, seller_id, category_id) values (72, 'Organic Quinoa', 7.99, 20, 4, 'Organic and gluten-free quinoa, perfect for salads and stir-fry dishes', 1, 18);
insert into Product (product_id, name, price, quantity, rating, description, seller_id, category_id) values (73, 'Organic Multigrain Bread', 4.99, 30, 4, 'Organic multigrain bread made with whole wheat, barley, oats, and flaxseed', 1, 18);
insert into Product (product_id, name, price, quantity, rating, description, seller_id, category_id) values (74, 'Organic Extra Virgin Olive Oil', 12.99, 15, 4, 'Organic extra virgin olive oil made from premium quality olives', 1, 18);
insert into Product (product_id, name, price, quantity, rating, description, seller_id, category_id) values (75, 'Organic Honey', 9.99, 25, 4, 'Pure organic honey, collected from organic beehives', 1, 18);
insert into Product (product_id, name, price, quantity, rating, description, seller_id, category_id) values (76, 'Organic Almond Milk', 4.99, 20, 4, 'Organic almond milk, made from whole almonds and pure water', 1, 18);
insert into Product (product_id, name, price, quantity, rating, description, seller_id, category_id) values (77, 'Organic Yogurt', 3.99, 15, 4, 'Organic yogurt made from organic milk and probiotics', 1, 18);
insert into Product (product_id, name, price, quantity, rating, description, seller_id, category_id) values (78, 'Organic Tofu', 4.99, 20, 4, 'Organic tofu made from non-GMO soybeans', 1, 18);
insert into Product (product_id, name, price, quantity, rating, description, seller_id, category_id) values (79, 'Organic Avocado', 1.99, 25, 4, 'Organic avocados, ripe and ready to eat', 1, 18);
insert into Product (product_id, name, price, quantity, rating, description, seller_id, category_id) values (80, 'Organic Spinach', 2.99, 30, 4, 'Organic spinach, great for salads, sandwiches, and smoothies', 1, 18);
insert into Product (product_id, name, price, quantity, rating, description, seller_id, category_id) values (81, 'Organic Quinoa', 7.99, 50, 4, 'Organic quinoa is a gluten-free grain that is high in protein and contains many essential vitamins and minerals.', 1, 18);
insert into Product (product_id, name, price, quantity, rating, description, seller_id, category_id) values (82, 'Organic Avocado Oil', 12.99, 40, 5, 'Organic Avocado Oil is a healthy oil that is rich in monounsaturated fats and antioxidants, making it a great addition to your diet.', 1, 18);
insert into Product (product_id, name, price, quantity, rating, description, seller_id, category_id) values (83, 'Organic Almond Butter', 9.99, 35, 4, 'Organic Almond Butter is made from roasted almonds and has a creamy texture, making it a great spread for toast or a dip for fruit.', 1, 18);
insert into Product (product_id, name, price, quantity, rating, description, seller_id, category_id) values (84, 'Organic Chia Seeds', 6.99, 30, 4, 'Organic Chia Seeds are a superfood that are high in fiber, protein, and omega-3 fatty acids, making them a great addition to smoothies or yogurt.', 1, 18);
insert into Product (product_id, name, price, quantity, rating, description, seller_id, category_id) values (85, 'Organic Agave Nectar', 4.99, 25, 4, 'Organic Agave Nectar is a natural sweetener that is made from the sap of the agave plant and is a great alternative to traditional sugar.', 1, 18);
insert into Product (product_id, name, price, quantity, rating, description, seller_id, category_id) values (86, 'Organic Coconut Sugar', 7.99, 20, 4, 'Organic Coconut Sugar is a natural sweetener that is made from the sap of the coconut palm and has a lower glycemic index than regular sugar.', 1, 18);
insert into Product (product_id, name, price, quantity, rating, description, seller_id, category_id) values (87, 'Organic Goji Berries', 9.99, 15, 4, 'Organic Goji Berries are a superfood that are high in antioxidants and essential vitamins, making them a great snack or addition to smoothies.', 1, 18);
insert into Product (product_id, name, price, quantity, rating, description, seller_id, category_id) values (88, 'Organic Acai Powder', 12.99, 10, 4, 'Organic Acai Powder is made from the acai berry and is a great addition to smoothies or yogurt, providing many health benefits.', 1, 18);
insert into Product (product_id, name, price, quantity, rating, description, seller_id, category_id) values (89, 'Organic Maca Powder', 14.99, 5, 4, 'Organic Maca Powder is a superfood that is high in antioxidants and essential vitamins, providing many health benefits.', 1, 18);
insert into product (product_id, name, price, quantity, rating, description, seller_id, category_id) values (90, 'Organic Oats', 3.99, 50, 4, 'Organic Oats made from the finest grains. Rich in fiber and good for heart health.', 1, 18);
insert into product (product_id, name, price, quantity, rating, description, seller_id, category_id) values (91, 'Organic Walnuts', 9.99, 30, 5, 'Organic Walnuts harvested from the best orchards. Rich in Omega-3 and great for snacking.', 2, 18);
insert into product (product_id, name, price, quantity, rating, description, seller_id, category_id) values (92, 'Organic Almonds', 8.99, 40, 4, 'Organic Almonds grown without harmful pesticides. Rich in antioxidants and perfect for a healthy snack.', 3, 18);
insert into product (product_id, name, price, quantity, rating, description, seller_id, category_id) values (93, 'Organic Hazelnuts', 7.99, 35, 4, 'Organic Hazelnuts harvested from sustainable farms. Rich in vitamins and minerals, perfect for baking and cooking.', 4, 18);
insert into product (product_id, name, price, quantity, rating, description, seller_id, category_id) values (94, 'Organic Raisins', 5.99, 60, 5, 'Organic Raisins made from the sweetest grapes. Rich in iron and great for snacking and baking.', 5, 18);
insert into product (product_id, name, price, quantity, rating, description, seller_id, category_id) values (95, 'Organic Cashews', 11.99, 25, 5, 'Organic Cashews sourced from the best farms. Rich in protein and great for snacking and cooking.', 6, 18);
insert into product (product_id, name, price, quantity, rating, description, seller_id, category_id) values (96, 'Organic Peanuts', 4.99, 50, 4, 'Organic Peanuts grown without harmful pesticides. Rich in protein and great for snacking and cooking.', 7, 18);
insert into product (product_id, name, price, quantity, rating, description, seller_id, category_id) values (97, 'Organic Sunflower Seeds', 6.99, 40, 4, 'Organic Sunflower Seeds harvested from sustainable farms. Rich in vitamins and minerals, great for snacking and baking.', 8, 18);
insert into product (product_id, name, price, quantity, rating, description, seller_id, category_id) values (98, 'Organic Pumpkin Seeds', 8.99, 30, 5, 'Organic Pumpkin Seeds grown without harmful pesticides. Rich in Omega-3 and great for snacking and cooking.', 9, 18);
insert into product (product_id, name, price, quantity, rating, description, seller_id, category_id) values (99, 'Organic Sesame Seeds', 7.99, 35, 4, 'Organic Sesame Seeds harvested from the best farms. Rich in calcium and great for snacking and baking.', 10, 18);
insert into product (product_id, name, price, quantity, rating, description, seller_id, category_id) values (101, 'Organic Apples', 3.49, 50, 4, 'A pack of fresh organic apples grown without pesticides', 1, 18);

-- payment database
INSERT INTO payment (payment_id, payment_mode) VALUES (1, 'Credit Card');
INSERT INTO payment (payment_id, payment_mode) VALUES (2, 'Debit Card');
INSERT INTO payment (payment_id, payment_mode) VALUES (3, 'Net Banking');
INSERT INTO payment (payment_id, payment_mode) VALUES (4, 'Paypal');
INSERT INTO payment (payment_id, payment_mode) VALUES (5, 'Cash');
INSERT INTO payment (payment_id, payment_mode) VALUES (6, 'UPI');
INSERT INTO payment (payment_id, payment_mode) VALUES (7, 'Google Pay');
INSERT INTO payment (payment_id, payment_mode) VALUES (8, 'PhonePe');
INSERT INTO payment (payment_id, payment_mode) VALUES (9, 'Paytm');
INSERT INTO payment (payment_id, payment_mode) VALUES (10, 'BHIM');
INSERT INTO payment (payment_id, payment_mode) VALUES (11, 'Credit Card');
INSERT INTO payment (payment_id, payment_mode) VALUES (12, 'Debit Card');
INSERT INTO payment (payment_id, payment_mode) VALUES (13, 'Net Banking');
INSERT INTO payment (payment_id, payment_mode) VALUES (14, 'Paypal');
INSERT INTO payment (payment_id, payment_mode) VALUES (15, 'Cash');
INSERT INTO payment (payment_id, payment_mode) VALUES (16, 'UPI');
INSERT INTO payment (payment_id, payment_mode) VALUES (17, 'Google Pay');
INSERT INTO payment (payment_id, payment_mode) VALUES (18, 'PhonePe');
INSERT INTO payment (payment_id, payment_mode) VALUES (19, 'Paytm');
INSERT INTO payment (payment_id, payment_mode) VALUES (20, 'BHIM');
INSERT INTO payment (payment_id, payment_mode) VALUES (21, 'Credit Card');
INSERT INTO payment (payment_id, payment_mode) VALUES (22, 'Debit Card');
INSERT INTO payment (payment_id, payment_mode) VALUES (23, 'Net Banking');
INSERT INTO payment (payment_id, payment_mode) VALUES (24, 'Paypal');
INSERT INTO payment (payment_id, payment_mode) VALUES (25, 'Cash');
INSERT INTO payment (payment_id, payment_mode) VALUES (26, 'UPI');
INSERT INTO payment (payment_id, payment_mode) VALUES (27, 'Google Pay');
INSERT INTO payment (payment_id, payment_mode) VALUES (28, 'PhonePe');
INSERT INTO payment (payment_id, payment_mode) VALUES (29, 'Paytm');
INSERT INTO payment (payment_id, payment_mode) VALUES (30, 'Credit Card');
INSERT INTO payment (payment_id, payment_mode) VALUES (31, 'Debit Card');
INSERT INTO payment (payment_id, payment_mode) VALUES (32, 'Net Banking');
INSERT INTO payment (payment_id, payment_mode) VALUES (33, 'Cash');
INSERT INTO payment (payment_id, payment_mode) VALUES (34, 'PayPal');
INSERT INTO payment (payment_id, payment_mode) VALUES (35, 'Credit Card');
INSERT INTO payment (payment_id, payment_mode) VALUES (36, 'Debit Card');
INSERT INTO payment (payment_id, payment_mode) VALUES (37, 'Net Banking');
INSERT INTO payment (payment_id, payment_mode) VALUES (38, 'Cash');
INSERT INTO payment (payment_id, payment_mode) VALUES (39, 'PayPal');
INSERT INTO payment (payment_id, payment_mode) VALUES (40, 'Credit Card');
INSERT INTO payment (payment_id, payment_mode) VALUES (41, 'Debit Card');
INSERT INTO payment (payment_id, payment_mode) VALUES (42, 'Net Banking');
INSERT INTO payment (payment_id, payment_mode) VALUES (43, 'Cash');
INSERT INTO payment (payment_id, payment_mode) VALUES (44, 'PayPal');
INSERT INTO payment (payment_id, payment_mode) VALUES (45, 'Credit Card');
INSERT INTO payment (payment_id, payment_mode) VALUES (46, 'Debit Card');
INSERT INTO payment (payment_id, payment_mode) VALUES (47, 'Net Banking');
INSERT INTO payment (payment_id, payment_mode) VALUES (48, 'Cash');
INSERT INTO payment (payment_id, payment_mode) VALUES (49, 'PayPal');
INSERT INTO payment (payment_id, payment_mode) VALUES (50, 'Credit Card');
INSERT INTO payment (payment_id, payment_mode) VALUES (51, 'Debit Card');
INSERT INTO payment (payment_id, payment_mode) VALUES (52, 'Net Banking');
INSERT INTO payment (payment_id, payment_mode) VALUES (53, 'Cash');
INSERT INTO payment (payment_id, payment_mode) VALUES (54, 'PayPal');
INSERT INTO payment (payment_id, payment_mode) VALUES (55, 'Credit Card');
INSERT INTO payment (payment_id, payment_mode) VALUES (56, 'Debit Card');
INSERT INTO payment (payment_id, payment_mode) VALUES (57, 'Net Banking');
INSERT INTO payment (payment_id, payment_mode) VALUES (58, 'Cash');
INSERT INTO payment (payment_id, payment_mode) VALUES (59, 'PayPal');
INSERT INTO payment (payment_id, payment_mode) VALUES (60, 'debit card');
INSERT INTO payment (payment_id, payment_mode) VALUES (61, 'credit card');
INSERT INTO payment (payment_id, payment_mode) VALUES (62, 'online transfer');
INSERT INTO payment (payment_id, payment_mode) VALUES (63, 'wallet');
INSERT INTO payment (payment_id, payment_mode) VALUES (64, 'cash');
INSERT INTO payment (payment_id, payment_mode) VALUES (65, 'debit card');
INSERT INTO payment (payment_id, payment_mode) VALUES (66, 'credit card');
INSERT INTO payment (payment_id, payment_mode) VALUES (67, 'online transfer');
INSERT INTO payment (payment_id, payment_mode) VALUES (68, 'wallet');
INSERT INTO payment (payment_id, payment_mode) VALUES (69, 'cash');
INSERT INTO payment (payment_id, payment_mode) VALUES (70, 'debit card');
INSERT INTO payment (payment_id, payment_mode) VALUES (71, 'credit card');
INSERT INTO payment (payment_id, payment_mode) VALUES (72, 'online transfer');
INSERT INTO payment (payment_id, payment_mode) VALUES (73, 'wallet');
INSERT INTO payment (payment_id, payment_mode) VALUES (74, 'cash');
INSERT INTO payment (payment_id, payment_mode) VALUES (75, 'debit card');
INSERT INTO payment (payment_id, payment_mode) VALUES (76, 'credit card');
INSERT INTO payment (payment_id, payment_mode) VALUES (77, 'online transfer');
INSERT INTO payment (payment_id, payment_mode) VALUES (78, 'wallet');
INSERT INTO payment (payment_id, payment_mode) VALUES (79, 'cash');
INSERT INTO payment (payment_id, payment_mode) VALUES (80, 'debit card');
INSERT INTO payment (payment_id, payment_mode) VALUES (81, 'credit card');
INSERT INTO payment (payment_id, payment_mode) VALUES (82, 'online transfer');
INSERT INTO payment (payment_id, payment_mode) VALUES (83, 'wallet');
INSERT INTO payment (payment_id, payment_mode) VALUES (84, 'cash');
INSERT INTO payment (payment_id, payment_mode) VALUES (85, 'debit card');
INSERT INTO payment (payment_id, payment_mode) VALUES (86, 'credit card');
INSERT INTO payment (payment_id, payment_mode) VALUES (87, 'online transfer');
INSERT INTO payment (payment_id, payment_mode) VALUES (88, 'wallet');
INSERT INTO payment (payment_id, payment_mode) VALUES (89, 'cash');
INSERT INTO payment (payment_id, payment_mode) VALUES (90, 'debit card');
INSERT INTO payment (payment_id, payment_mode) VALUES (91, 'credit card');
INSERT INTO payment (payment_id, payment_mode) VALUES (92, 'Credit Card');
INSERT INTO payment (payment_id, payment_mode) VALUES (93, 'Debit Card');
INSERT INTO payment (payment_id, payment_mode) VALUES (94, 'Net Banking');
INSERT INTO payment (payment_id, payment_mode) VALUES (95, 'Cash');
INSERT INTO payment (payment_id, payment_mode) VALUES (96, 'PayPal');
INSERT INTO payment (payment_id, payment_mode) VALUES (97, 'Google Pay');
INSERT INTO payment (payment_id, payment_mode) VALUES (98, 'UPI');
INSERT INTO payment (payment_id, payment_mode)VALUES (99, 'Amazon Pay');
INSERT INTO payment (payment_id, payment_mode) VALUES (100, 'Apple Pay');

-- DeliveryPartner
INSERT INTO DeliveryPartner (vehicle_id, vehicle_name) VALUES ('DP001', 'Scooter');
INSERT INTO DeliveryPartner (vehicle_id, vehicle_name) VALUES ('DP002', 'Bike');
INSERT INTO DeliveryPartner (vehicle_id, vehicle_name) VALUES ('DP003', 'Bicycle');
INSERT INTO DeliveryPartner (vehicle_id, vehicle_name) VALUES ('DP004', 'Scooter');
INSERT INTO DeliveryPartner (vehicle_id, vehicle_name) VALUES ('DP005', 'Bike');
INSERT INTO DeliveryPartner (vehicle_id, vehicle_name) VALUES ('DP006', 'Bicycle');
INSERT INTO DeliveryPartner (vehicle_id, vehicle_name) VALUES ('DP007', 'Scooter');
INSERT INTO DeliveryPartner (vehicle_id, vehicle_name) VALUES ('DP008', 'Bike');
INSERT INTO DeliveryPartner (vehicle_id, vehicle_name) VALUES ('DP009', 'Bicycle');
INSERT INTO DeliveryPartner (vehicle_id, vehicle_name) VALUES ('DP010', 'Scooter');
INSERT INTO DeliveryPartner (vehicle_id, vehicle_name) VALUES ('DP011', 'Bike');
INSERT INTO DeliveryPartner (vehicle_id, vehicle_name) VALUES ('DP012', 'Bicycle');
INSERT INTO DeliveryPartner (vehicle_id, vehicle_name) VALUES ('DP013', 'Scooter');
INSERT INTO DeliveryPartner (vehicle_id, vehicle_name) VALUES ('DP014', 'Bike');
INSERT INTO DeliveryPartner (vehicle_id, vehicle_name) VALUES ('DP015', 'Bicycle');
INSERT INTO DeliveryPartner (vehicle_id, vehicle_name) VALUES ('DP016', 'Scooter');
INSERT INTO DeliveryPartner (vehicle_id, vehicle_name) VALUES ('DP017', 'Bike');
INSERT INTO DeliveryPartner (vehicle_id, vehicle_name) VALUES ('DP018', 'Bicycle');
INSERT INTO DeliveryPartner (vehicle_id, vehicle_name) VALUES ('DP019', 'Scooter');
INSERT INTO DeliveryPartner (vehicle_id, vehicle_name) VALUES ('DP020', 'Bike');
INSERT INTO DeliveryPartner (vehicle_id, vehicle_name) VALUES ('DP021', 'Bicycle');
INSERT INTO DeliveryPartner (vehicle_id, vehicle_name) VALUES ('DP022', 'Scooter');
INSERT INTO DeliveryPartner (vehicle_id, vehicle_name) VALUES ('DP023', 'Bike');
INSERT INTO DeliveryPartner (vehicle_id, vehicle_name) VALUES ('DP024', 'Bicycle');
INSERT INTO DeliveryPartner (vehicle_id, vehicle_name) VALUES ('DP025', 'Scooter');
INSERT INTO DeliveryPartner (vehicle_id, vehicle_name) VALUES ('DP026', 'Bike');
INSERT INTO DeliveryPartner (vehicle_id, vehicle_name) VALUES ('DP027', 'Bicycle');
INSERT INTO DeliveryPartner (vehicle_id, vehicle_name) VALUES ('DP028', 'Scooter');
INSERT INTO DeliveryPartner (vehicle_id, vehicle_name) VALUES ('DP029', 'Bike');
INSERT INTO DeliveryPartner (vehicle_id, vehicle_name) VALUES ('DP030', 'Bicycle');
INSERT INTO DeliveryPartner (vehicle_id, vehicle_name) VALUES ('DP031', 'Scooter');
INSERT INTO DeliveryPartner (vehicle_id, vehicle_name) VALUES ('DP032', 'Bike');
INSERT INTO DeliveryPartner (vehicle_id, vehicle_name) VALUES ('DP033', 'Bicycle');
INSERT INTO DeliveryPartner (vehicle_id, vehicle_name) VALUES ('DP034', 'Scooter');
INSERT INTO DeliveryPartner (vehicle_id, vehicle_name) VALUES ('DP035', 'Bike');
INSERT INTO DeliveryPartner (vehicle_id, vehicle_name) VALUES ('DP036', 'Bicycle');
INSERT INTO DeliveryPartner (vehicle_id, vehicle_name) VALUES ('DP037', 'Scooter');
INSERT INTO DeliveryPartner (vehicle_id, vehicle_name) VALUES ('DP038', 'Bike');
INSERT INTO DeliveryPartner (vehicle_id, vehicle_name) VALUES ('DP039', 'Bicycle');
INSERT INTO DeliveryPartner (vehicle_id, vehicle_name) VALUES ('DP040', 'Scooter');
INSERT INTO DeliveryPartner (vehicle_id, vehicle_name) VALUES ('DP041', 'Bike');
INSERT INTO DeliveryPartner (vehicle_id, vehicle_name) VALUES ('DP042', 'Bicycle');
INSERT INTO DeliveryPartner (vehicle_id, vehicle_name) VALUES ('DP043', 'Scooter');
INSERT INTO DeliveryPartner (vehicle_id, vehicle_name) VALUES ('DP044', 'Bike');
INSERT INTO DeliveryPartner (vehicle_id, vehicle_name) VALUES ('DP045', 'Bicycle');
INSERT INTO DeliveryPartner (vehicle_id, vehicle_name) VALUES ('DP046', 'Scooter');
INSERT INTO DeliveryPartner (vehicle_id, vehicle_name) VALUES ('DP047', 'Bike');
INSERT INTO DeliveryPartner (vehicle_id, vehicle_name) VALUES ('DP048', 'Bicycle');
INSERT INTO DeliveryPartner (vehicle_id, vehicle_name) VALUES ('DP049', 'Scooter');
INSERT INTO DeliveryPartner (vehicle_id, vehicle_name) VALUES ('DP050', 'Bike');
INSERT INTO DeliveryPartner (vehicle_id, vehicle_name) VALUES ('DP051', 'Bicycle');
INSERT INTO DeliveryPartner (vehicle_id, vehicle_name) VALUES ('DP052', 'Scooter');
INSERT INTO DeliveryPartner (vehicle_id, vehicle_name) VALUES ('DP053', 'Bike');
INSERT INTO DeliveryPartner (vehicle_id, vehicle_name) VALUES ('DP054', 'Bicycle');
INSERT INTO DeliveryPartner (vehicle_id, vehicle_name) VALUES ('DP055', 'Scooter');
INSERT INTO DeliveryPartner (vehicle_id, vehicle_name) VALUES ('DP056', 'Bike');
INSERT INTO DeliveryPartner (vehicle_id, vehicle_name) VALUES ('DP057', 'Bicycle');
INSERT INTO DeliveryPartner (vehicle_id, vehicle_name) VALUES ('DP058', 'Scooter');
INSERT INTO DeliveryPartner (vehicle_id, vehicle_name) VALUES ('DP059', 'Bike');
INSERT INTO DeliveryPartner (vehicle_id, vehicle_name) VALUES ('DP060', 'Bicycle');
INSERT INTO DeliveryPartner (vehicle_id, vehicle_name) VALUES ('DP061', 'Scooter');
INSERT INTO DeliveryPartner (vehicle_id, vehicle_name) VALUES ('DP062', 'Bike');
INSERT INTO DeliveryPartner (vehicle_id, vehicle_name) VALUES ('DP063', 'Bicycle');
INSERT INTO DeliveryPartner (vehicle_id, vehicle_name) VALUES ('DP064', 'Scooter');
INSERT INTO DeliveryPartner (vehicle_id, vehicle_name) VALUES ('DP065', 'Bike');
INSERT INTO DeliveryPartner (vehicle_id, vehicle_name) VALUES ('DP066', 'Bicycle');
INSERT INTO DeliveryPartner (vehicle_id, vehicle_name) VALUES ('DP067', 'Scooter');
INSERT INTO DeliveryPartner (vehicle_id, vehicle_name) VALUES ('DP068', 'Bike');
INSERT INTO DeliveryPartner (vehicle_id, vehicle_name) VALUES ('DP069', 'Bicycle');
INSERT INTO DeliveryPartner (vehicle_id, vehicle_name) VALUES ('DP070', 'Scooter');
INSERT INTO DeliveryPartner (vehicle_id, vehicle_name) VALUES ('DP071', 'Bike');
INSERT INTO DeliveryPartner (vehicle_id, vehicle_name) VALUES ('DP072', 'Bicycle');
INSERT INTO DeliveryPartner (vehicle_id, vehicle_name) VALUES ('DP073', 'Scooter');
INSERT INTO DeliveryPartner (vehicle_id, vehicle_name) VALUES ('DP074', 'Bike');
INSERT INTO DeliveryPartner (vehicle_id, vehicle_name) VALUES ('DP075', 'Bicycle');
INSERT INTO DeliveryPartner (vehicle_id, vehicle_name) VALUES ('DP076', 'Scooter');
INSERT INTO DeliveryPartner (vehicle_id, vehicle_name) VALUES ('DP077', 'Bike');
INSERT INTO DeliveryPartner (vehicle_id, vehicle_name) VALUES ('DP078', 'Bicycle');
INSERT INTO DeliveryPartner (vehicle_id, vehicle_name) VALUES ('DP079', 'Scooter');
INSERT INTO DeliveryPartner (vehicle_id, vehicle_name) VALUES ('DP080', 'Bike');
INSERT INTO DeliveryPartner (vehicle_id, vehicle_name) VALUES ('DP081', 'Bicycle');
INSERT INTO DeliveryPartner (vehicle_id, vehicle_name) VALUES ('DP082', 'Scooter');
INSERT INTO DeliveryPartner (vehicle_id, vehicle_name) VALUES ('DP083', 'Bike');
INSERT INTO DeliveryPartner (vehicle_id, vehicle_name) VALUES ('DP084', 'Bicycle');
INSERT INTO DeliveryPartner (vehicle_id, vehicle_name) VALUES ('DP085', 'Scooter');
INSERT INTO DeliveryPartner (vehicle_id, vehicle_name) VALUES ('DP086', 'Bike');
INSERT INTO DeliveryPartner (vehicle_id, vehicle_name) VALUES ('DP087', 'Bicycle');
INSERT INTO DeliveryPartner (vehicle_id, vehicle_name) VALUES ('DP088', 'Scooter');
INSERT INTO DeliveryPartner (vehicle_id, vehicle_name) VALUES ('DP089', 'Bike');
INSERT INTO DeliveryPartner (vehicle_id, vehicle_name) VALUES ('DP090', 'Bicycle');
INSERT INTO DeliveryPartner (vehicle_id, vehicle_name) VALUES ('DP091', 'Scooter');
INSERT INTO DeliveryPartner (vehicle_id, vehicle_name) VALUES ('DP092', 'Bike');
INSERT INTO DeliveryPartner (vehicle_id, vehicle_name) VALUES ('DP093', 'Bicycle');
INSERT INTO DeliveryPartner (vehicle_id, vehicle_name) VALUES ('DP094', 'Scooter');
INSERT INTO DeliveryPartner (vehicle_id, vehicle_name) VALUES ('DP095', 'Bike');
INSERT INTO DeliveryPartner (vehicle_id, vehicle_name) VALUES ('DP096', 'Bicycle');
INSERT INTO DeliveryPartner (vehicle_id, vehicle_name) VALUES ('DP097', 'Scooter');
INSERT INTO DeliveryPartner (vehicle_id, vehicle_name) VALUES ('DP098', 'Bike');
INSERT INTO DeliveryPartner (vehicle_id, vehicle_name) VALUES ('DP099', 'Bicycle');
INSERT INTO DeliveryPartner (vehicle_id, vehicle_name) VALUES ('DP100', 'Scooter');

-- inventory db
use kirana;
insert into inventory (product_id, quantity) values (25, 1092);
insert into inventory (product_id, quantity) values (51, 4645);
insert into inventory (product_id, quantity) values (64, 3667);
insert into inventory (product_id, quantity) values (76, 982);
insert into inventory (product_id, quantity) values (29, 8411);
insert into inventory (product_id, quantity) values (44, 8728);
insert into inventory (product_id, quantity) values (99, 9674);
insert into inventory (product_id, quantity) values (35, 657);
insert into inventory (product_id, quantity) values (11, 6650);
insert into inventory (product_id, quantity) values (43, 3618);
insert into inventory (product_id, quantity) values (46, 4583);
insert into inventory (product_id, quantity) values (39, 9843);
insert into inventory (product_id, quantity) values (99, 318);
insert into inventory (product_id, quantity) values (28, 3603);
insert into inventory (product_id, quantity) values (81, 2003);
insert into inventory (product_id, quantity) values (62, 4749);
insert into inventory (product_id, quantity) values (64, 112);
insert into inventory (product_id, quantity) values (73, 8227);
insert into inventory (product_id, quantity) values (22, 7784);
insert into inventory (product_id, quantity) values (84, 1436);
insert into inventory (product_id, quantity) values (69, 967);
insert into inventory (product_id, quantity) values (3, 7811);
insert into inventory (product_id, quantity) values (63, 7148);
insert into inventory (product_id, quantity) values (66, 5020);
insert into inventory (product_id, quantity) values (27, 2980);
insert into inventory (product_id, quantity) values (64, 5418);
insert into inventory (product_id, quantity) values (21, 3411);
insert into inventory (product_id, quantity) values (79, 5563);
insert into inventory (product_id, quantity) values (67, 4135);
insert into inventory (product_id, quantity) values (67, 8301);
insert into inventory (product_id, quantity) values (61, 2576);
insert into inventory (product_id, quantity) values (83, 6431);
insert into inventory (product_id, quantity) values (89, 4365);
insert into inventory (product_id, quantity) values (51, 5850);
insert into inventory (product_id, quantity) values (5, 514);
insert into inventory (product_id, quantity) values (93, 394);
insert into inventory (product_id, quantity) values (41, 7687);
insert into inventory (product_id, quantity) values (63, 1138);
insert into inventory (product_id, quantity) values (13, 7973);
insert into inventory (product_id, quantity) values (22, 172);
insert into inventory (product_id, quantity) values (46, 220);
insert into inventory (product_id, quantity) values (45, 5197);
insert into inventory (product_id, quantity) values (80, 2608);
insert into inventory (product_id, quantity) values (56, 1314);
insert into inventory (product_id, quantity) values (5, 8032);
insert into inventory (product_id, quantity) values (6, 8789);
insert into inventory (product_id, quantity) values (13, 9789);
insert into inventory (product_id, quantity) values (82, 5954);
insert into inventory (product_id, quantity) values (79, 3138);
insert into inventory (product_id, quantity) values (29, 5140);
insert into inventory (product_id, quantity) values (96, 7496);
insert into inventory (product_id, quantity) values (93, 3337);
insert into inventory (product_id, quantity) values (65, 5478);
insert into inventory (product_id, quantity) values (98, 3248);
insert into inventory (product_id, quantity) values (2, 6964);
insert into inventory (product_id, quantity) values (25, 6612);
insert into inventory (product_id, quantity) values (20, 3752);
insert into inventory (product_id, quantity) values (23, 1394);
insert into inventory (product_id, quantity) values (69, 6453);
insert into inventory (product_id, quantity) values (5, 4932);
insert into inventory (product_id, quantity) values (79, 6987);
insert into inventory (product_id, quantity) values (38, 9460);
insert into inventory (product_id, quantity) values (59, 4642);
insert into inventory (product_id, quantity) values (28, 4674);
insert into inventory (product_id, quantity) values (53, 9455);
insert into inventory (product_id, quantity) values (24, 5208);
insert into inventory (product_id, quantity) values (48, 6123);
insert into inventory (product_id, quantity) values (92, 8600);
insert into inventory (product_id, quantity) values (87, 4983);
insert into inventory (product_id, quantity) values (71, 572);
insert into inventory (product_id, quantity) values (50, 8731);
insert into inventory (product_id, quantity) values (72, 9885);
insert into inventory (product_id, quantity) values (47, 2484);
insert into inventory (product_id, quantity) values (98, 8423);
insert into inventory (product_id, quantity) values (66, 4973);
insert into inventory (product_id, quantity) values (9, 1256);
insert into inventory (product_id, quantity) values (44, 1706);
insert into inventory (product_id, quantity) values (31, 4862);
insert into inventory (product_id, quantity) values (78, 8314);
insert into inventory (product_id, quantity) values (23, 1148);
insert into inventory (product_id, quantity) values (75, 810);
insert into inventory (product_id, quantity) values (59, 7239);
insert into inventory (product_id, quantity) values (72, 1393);
insert into inventory (product_id, quantity) values (33, 7053);
insert into inventory (product_id, quantity) values (28, 1693);
insert into inventory (product_id, quantity) values (67, 9348);
insert into inventory (product_id, quantity) values (94, 7449);
insert into inventory (product_id, quantity) values (34, 8702);
insert into inventory (product_id, quantity) values (30, 823);
insert into inventory (product_id, quantity) values (61, 981);
insert into inventory (product_id, quantity) values (82, 8608);
insert into inventory (product_id, quantity) values (82, 1563);
insert into inventory (product_id, quantity) values (51, 8601);
insert into inventory (product_id, quantity) values (23, 9214);
insert into inventory (product_id, quantity) values (7, 3896);
insert into inventory (product_id, quantity) values (73, 6444);
insert into inventory (product_id, quantity) values (13, 9632);
insert into inventory (product_id, quantity) values (85, 3498);
insert into inventory (product_id, quantity) values (99, 3621);
insert into inventory (product_id, quantity) values (12, 1343);

-- orders db
insert into orders (order_id, delivery_addr, total_cost, taxes, delivery_fee, customer_id, payment_id, deliverypartner_id) values (1, '10th Floor', 673.81, 36.49, 49, 5, 41, 39);
insert into orders (order_id, delivery_addr, total_cost, taxes, delivery_fee, customer_id, payment_id, deliverypartner_id) values (2, 'Apt 1556', 589.31, 70.86, 37, 80, 15, 93);
insert into orders (order_id, delivery_addr, total_cost, taxes, delivery_fee, customer_id, payment_id, deliverypartner_id) values (3, 'Room 1426', 1712.51, 87.47, 17, 43, 54, 60);
insert into orders (order_id, delivery_addr, total_cost, taxes, delivery_fee, customer_id, payment_id, deliverypartner_id) values (4, 'Suite 59', 1196.85, 55.39, 32, 74, 5, 75);
insert into orders (order_id, delivery_addr, total_cost, taxes, delivery_fee, customer_id, payment_id, deliverypartner_id) values (5, 'Apt 1852', 608.91, 60.69, 32, 87, 99, 85);
insert into orders (order_id, delivery_addr, total_cost, taxes, delivery_fee, customer_id, payment_id, deliverypartner_id) values (6, '20th Floor', 313.88, 76.74, 11, 43, 89, 9);
insert into orders (order_id, delivery_addr, total_cost, taxes, delivery_fee, customer_id, payment_id, deliverypartner_id) values (7, 'PO Box 79960', 1683.98, 12.06, 16, 29, 97, 26);
insert into orders (order_id, delivery_addr, total_cost, taxes, delivery_fee, customer_id, payment_id, deliverypartner_id) values (8, 'Apt 656', 797.42, 77.96, 34, 79, 50, 95);
insert into orders (order_id, delivery_addr, total_cost, taxes, delivery_fee, customer_id, payment_id, deliverypartner_id) values (9, 'PO Box 82690', 734.43, 95.61, 9, 85, 12, 18);
insert into orders (order_id, delivery_addr, total_cost, taxes, delivery_fee, customer_id, payment_id, deliverypartner_id) values (10, 'Suite 30', 1821.93, 16.51, 31, 87, 21, 100);
insert into orders (order_id, delivery_addr, total_cost, taxes, delivery_fee, customer_id, payment_id, deliverypartner_id) values (11, 'PO Box 11469', 390.89, 44.67, 37, 80, 19, 10);
insert into orders (order_id, delivery_addr, total_cost, taxes, delivery_fee, customer_id, payment_id, deliverypartner_id) values (12, 'Suite 33', 276.52, 40.21, 28, 25, 34, 36);
insert into orders (order_id, delivery_addr, total_cost, taxes, delivery_fee, customer_id, payment_id, deliverypartner_id) values (13, 'Suite 62', 273.79, 90.79, 42, 82, 19, 55);
insert into orders (order_id, delivery_addr, total_cost, taxes, delivery_fee, customer_id, payment_id, deliverypartner_id) values (14, 'Suite 73', 1419.84, 33.97, 27, 43, 20, 68);
insert into orders (order_id, delivery_addr, total_cost, taxes, delivery_fee, customer_id, payment_id, deliverypartner_id) values (15, 'Room 891', 1426.88, 94.2, 19, 83, 84, 82);
insert into orders (order_id, delivery_addr, total_cost, taxes, delivery_fee, customer_id, payment_id, deliverypartner_id) values (16, '7th Floor', 433.95, 62.65, 30, 29, 90, 70);
insert into orders (order_id, delivery_addr, total_cost, taxes, delivery_fee, customer_id, payment_id, deliverypartner_id) values (17, '12th Floor', 149.35, 21.35, 23, 23, 72, 38);
insert into orders (order_id, delivery_addr, total_cost, taxes, delivery_fee, customer_id, payment_id, deliverypartner_id) values (18, 'Room 1189', 753.88, 10.47, 37, 75, 59, 82);
insert into orders (order_id, delivery_addr, total_cost, taxes, delivery_fee, customer_id, payment_id, deliverypartner_id) values (19, 'Apt 1891', 237.77, 63.64, 29, 25, 19, 88);
insert into orders (order_id, delivery_addr, total_cost, taxes, delivery_fee, customer_id, payment_id, deliverypartner_id) values (20, 'Apt 1030', 1181.49, 2.24, 48, 66, 83, 66);
insert into orders (order_id, delivery_addr, total_cost, taxes, delivery_fee, customer_id, payment_id, deliverypartner_id) values (21, 'PO Box 69538', 438.35, 14.4, 5, 42, 5, 20);
insert into orders (order_id, delivery_addr, total_cost, taxes, delivery_fee, customer_id, payment_id, deliverypartner_id) values (22, 'Room 1618', 525.4, 78.89, 50, 90, 62, 36);
insert into orders (order_id, delivery_addr, total_cost, taxes, delivery_fee, customer_id, payment_id, deliverypartner_id) values (23, 'Suite 53', 583.95, 99.2, 14, 40, 83, 92);
insert into orders (order_id, delivery_addr, total_cost, taxes, delivery_fee, customer_id, payment_id, deliverypartner_id) values (24, 'Suite 75', 768.9, 55.28, 49, 92, 15, 64);
insert into orders (order_id, delivery_addr, total_cost, taxes, delivery_fee, customer_id, payment_id, deliverypartner_id) values (25, 'Apt 332', 1355.21, 89.68, 6, 64, 61, 66);
insert into orders (order_id, delivery_addr, total_cost, taxes, delivery_fee, customer_id, payment_id, deliverypartner_id) values (26, '5th Floor', 1365.72, 3.67, 35, 65, 15, 1);
insert into orders (order_id, delivery_addr, total_cost, taxes, delivery_fee, customer_id, payment_id, deliverypartner_id) values (27, 'Suite 73', 1064.64, 55.05, 37, 35, 81, 54);
insert into orders (order_id, delivery_addr, total_cost, taxes, delivery_fee, customer_id, payment_id, deliverypartner_id) values (28, 'Apt 362', 1277.27, 46.88, 25, 3, 15, 95);
insert into orders (order_id, delivery_addr, total_cost, taxes, delivery_fee, customer_id, payment_id, deliverypartner_id) values (29, 'PO Box 13415', 1255.65, 18.3, 34, 74, 96, 60);
insert into orders (order_id, delivery_addr, total_cost, taxes, delivery_fee, customer_id, payment_id, deliverypartner_id) values (30, 'Apt 1548', 1295.85, 77.84, 47, 56, 80, 19);
insert into orders (order_id, delivery_addr, total_cost, taxes, delivery_fee, customer_id, payment_id, deliverypartner_id) values (31, 'Apt 955', 808.26, 64.46, 18, 12, 46, 13);
insert into orders (order_id, delivery_addr, total_cost, taxes, delivery_fee, customer_id, payment_id, deliverypartner_id) values (32, 'Suite 80', 1912.55, 38.56, 40, 89, 40, 17);
insert into orders (order_id, delivery_addr, total_cost, taxes, delivery_fee, customer_id, payment_id, deliverypartner_id) values (33, '17th Floor', 1429.11, 49.91, 32, 75, 99, 4);
insert into orders (order_id, delivery_addr, total_cost, taxes, delivery_fee, customer_id, payment_id, deliverypartner_id) values (34, '17th Floor', 1571.16, 38.13, 16, 87, 35, 74);
insert into orders (order_id, delivery_addr, total_cost, taxes, delivery_fee, customer_id, payment_id, deliverypartner_id) values (35, 'PO Box 70486', 1927.39, 30.56, 19, 42, 1, 49);
insert into orders (order_id, delivery_addr, total_cost, taxes, delivery_fee, customer_id, payment_id, deliverypartner_id) values (36, 'PO Box 25858', 442.32, 56.59, 32, 4, 13, 69);
insert into orders (order_id, delivery_addr, total_cost, taxes, delivery_fee, customer_id, payment_id, deliverypartner_id) values (37, 'PO Box 31869', 1024.8, 72.19, 48, 68, 46, 20);
insert into orders (order_id, delivery_addr, total_cost, taxes, delivery_fee, customer_id, payment_id, deliverypartner_id) values (38, 'Apt 1282', 742.95, 38.91, 20, 80, 93, 22);
insert into orders (order_id, delivery_addr, total_cost, taxes, delivery_fee, customer_id, payment_id, deliverypartner_id) values (39, 'Apt 1095', 357.19, 85.05, 11, 94, 14, 88);
insert into orders (order_id, delivery_addr, total_cost, taxes, delivery_fee, customer_id, payment_id, deliverypartner_id) values (40, 'PO Box 44333', 841.99, 22.43, 9, 95, 27, 45);
insert into orders (order_id, delivery_addr, total_cost, taxes, delivery_fee, customer_id, payment_id, deliverypartner_id) values (41, 'PO Box 15437', 1287.74, 35.15, 38, 70, 45, 24);
insert into orders (order_id, delivery_addr, total_cost, taxes, delivery_fee, customer_id, payment_id, deliverypartner_id) values (42, 'Room 1621', 1910.76, 74.99, 6, 11, 84, 21);
insert into orders (order_id, delivery_addr, total_cost, taxes, delivery_fee, customer_id, payment_id, deliverypartner_id) values (43, 'Suite 76', 977.2, 4.17, 23, 87, 80, 64);
insert into orders (order_id, delivery_addr, total_cost, taxes, delivery_fee, customer_id, payment_id, deliverypartner_id) values (44, 'Room 1767', 1684.64, 30.49, 3, 62, 45, 25);
insert into orders (order_id, delivery_addr, total_cost, taxes, delivery_fee, customer_id, payment_id, deliverypartner_id) values (45, 'Room 777', 69.97, 65.21, 39, 77, 94, 76);
insert into orders (order_id, delivery_addr, total_cost, taxes, delivery_fee, customer_id, payment_id, deliverypartner_id) values (46, 'PO Box 82690', 264.83, 3.71, 40, 99, 24, 38);
insert into orders (order_id, delivery_addr, total_cost, taxes, delivery_fee, customer_id, payment_id, deliverypartner_id) values (47, '19th Floor', 1227.16, 86.93, 29, 94, 22, 3);
insert into orders (order_id, delivery_addr, total_cost, taxes, delivery_fee, customer_id, payment_id, deliverypartner_id) values (48, 'Room 1672', 1204.91, 11.02, 42, 95, 23, 84);
insert into orders (order_id, delivery_addr, total_cost, taxes, delivery_fee, customer_id, payment_id, deliverypartner_id) values (49, 'Suite 47', 273.13, 44.31, 41, 24, 31, 95);
insert into orders (order_id, delivery_addr, total_cost, taxes, delivery_fee, customer_id, payment_id, deliverypartner_id) values (50, 'PO Box 88827', 1845.74, 15.05, 9, 79, 45, 7);
insert into orders (order_id, delivery_addr, total_cost, taxes, delivery_fee, customer_id, payment_id, deliverypartner_id) values (51, 'Room 1315', 1242.62, 39.81, 29, 77, 37, 99);
insert into orders (order_id, delivery_addr, total_cost, taxes, delivery_fee, customer_id, payment_id, deliverypartner_id) values (52, '9th Floor', 793.57, 53.89, 12, 20, 93, 26);
insert into orders (order_id, delivery_addr, total_cost, taxes, delivery_fee, customer_id, payment_id, deliverypartner_id) values (53, 'Apt 1606', 726.98, 8.78, 6, 24, 85, 27);
insert into orders (order_id, delivery_addr, total_cost, taxes, delivery_fee, customer_id, payment_id, deliverypartner_id) values (54, 'Room 1578', 342.31, 43.65, 21, 93, 79, 17);
insert into orders (order_id, delivery_addr, total_cost, taxes, delivery_fee, customer_id, payment_id, deliverypartner_id) values (55, '14th Floor', 493.85, 52.2, 20, 63, 58, 26);
insert into orders (order_id, delivery_addr, total_cost, taxes, delivery_fee, customer_id, payment_id, deliverypartner_id) values (56, '1st Floor', 449.6, 88.01, 26, 46, 95, 77);
insert into orders (order_id, delivery_addr, total_cost, taxes, delivery_fee, customer_id, payment_id, deliverypartner_id) values (57, 'Suite 21', 385.87, 80.33, 11, 46, 14, 81);
insert into orders (order_id, delivery_addr, total_cost, taxes, delivery_fee, customer_id, payment_id, deliverypartner_id) values (58, '18th Floor', 611.49, 62.1, 38, 23, 88, 97);
insert into orders (order_id, delivery_addr, total_cost, taxes, delivery_fee, customer_id, payment_id, deliverypartner_id) values (59, 'PO Box 26762', 1631.71, 11.19, 39, 31, 57, 16);
insert into orders (order_id, delivery_addr, total_cost, taxes, delivery_fee, customer_id, payment_id, deliverypartner_id) values (60, 'Suite 77', 348.86, 35.59, 4, 5, 12, 99);
insert into orders (order_id, delivery_addr, total_cost, taxes, delivery_fee, customer_id, payment_id, deliverypartner_id) values (61, 'Room 689', 113.68, 99.79, 27, 57, 2, 40);
insert into orders (order_id, delivery_addr, total_cost, taxes, delivery_fee, customer_id, payment_id, deliverypartner_id) values (62, 'Suite 35', 1880.99, 45.24, 3, 68, 9, 75);
insert into orders (order_id, delivery_addr, total_cost, taxes, delivery_fee, customer_id, payment_id, deliverypartner_id) values (63, 'Apt 1582', 1071.94, 6.67, 12, 43, 27, 68);
insert into orders (order_id, delivery_addr, total_cost, taxes, delivery_fee, customer_id, payment_id, deliverypartner_id) values (64, 'Apt 1477', 200.88, 98.48, 47, 16, 99, 88);
insert into orders (order_id, delivery_addr, total_cost, taxes, delivery_fee, customer_id, payment_id, deliverypartner_id) values (65, '10th Floor', 198.45, 18.51, 45, 18, 70, 77);
insert into orders (order_id, delivery_addr, total_cost, taxes, delivery_fee, customer_id, payment_id, deliverypartner_id) values (66, 'Suite 37', 53.25, 47.12, 21, 34, 72, 75);
insert into orders (order_id, delivery_addr, total_cost, taxes, delivery_fee, customer_id, payment_id, deliverypartner_id) values (67, 'Room 1115', 820.25, 23.6, 44, 18, 69, 97);
insert into orders (order_id, delivery_addr, total_cost, taxes, delivery_fee, customer_id, payment_id, deliverypartner_id) values (68, 'Apt 392', 868.89, 37.77, 46, 22, 57, 87);
insert into orders (order_id, delivery_addr, total_cost, taxes, delivery_fee, customer_id, payment_id, deliverypartner_id) values (69, 'Suite 96', 657.3, 8.21, 11, 90, 62, 5);
insert into orders (order_id, delivery_addr, total_cost, taxes, delivery_fee, customer_id, payment_id, deliverypartner_id) values (70, 'Apt 1067', 1269.63, 47.56, 44, 74, 63, 32);
insert into orders (order_id, delivery_addr, total_cost, taxes, delivery_fee, customer_id, payment_id, deliverypartner_id) values (71, 'Suite 34', 864.67, 74.36, 45, 51, 58, 59);
insert into orders (order_id, delivery_addr, total_cost, taxes, delivery_fee, customer_id, payment_id, deliverypartner_id) values (72, 'PO Box 34488', 976.43, 52.85, 22, 84, 94, 96);
insert into orders (order_id, delivery_addr, total_cost, taxes, delivery_fee, customer_id, payment_id, deliverypartner_id) values (73, 'Apt 769', 213.07, 56.1, 16, 8, 82, 66);
insert into orders (order_id, delivery_addr, total_cost, taxes, delivery_fee, customer_id, payment_id, deliverypartner_id) values (74, 'Suite 1', 586.3, 70.78, 24, 84, 75, 33);
insert into orders (order_id, delivery_addr, total_cost, taxes, delivery_fee, customer_id, payment_id, deliverypartner_id) values (75, 'Room 91', 1108.49, 98.62, 28, 71, 21, 15);
insert into orders (order_id, delivery_addr, total_cost, taxes, delivery_fee, customer_id, payment_id, deliverypartner_id) values (76, '9th Floor', 193.38, 97.99, 31, 89, 11, 62);
insert into orders (order_id, delivery_addr, total_cost, taxes, delivery_fee, customer_id, payment_id, deliverypartner_id) values (77, 'PO Box 63960', 1961.51, 98.98, 14, 5, 93, 69);
insert into orders (order_id, delivery_addr, total_cost, taxes, delivery_fee, customer_id, payment_id, deliverypartner_id) values (78, '6th Floor', 448.0, 1.58, 39, 20, 77, 62);
insert into orders (order_id, delivery_addr, total_cost, taxes, delivery_fee, customer_id, payment_id, deliverypartner_id) values (79, 'Apt 1645', 1998.13, 60.35, 30, 18, 76, 13);
insert into orders (order_id, delivery_addr, total_cost, taxes, delivery_fee, customer_id, payment_id, deliverypartner_id) values (80, '19th Floor', 588.62, 21.46, 13, 20, 78, 55);
insert into orders (order_id, delivery_addr, total_cost, taxes, delivery_fee, customer_id, payment_id, deliverypartner_id) values (81, 'Apt 241', 1226.0, 86.81, 10, 33, 75, 45);
insert into orders (order_id, delivery_addr, total_cost, taxes, delivery_fee, customer_id, payment_id, deliverypartner_id) values (82, '15th Floor', 949.81, 20.61, 46, 36, 33, 86);
insert into orders (order_id, delivery_addr, total_cost, taxes, delivery_fee, customer_id, payment_id, deliverypartner_id) values (83, 'Suite 8', 1025.48, 64.44, 11, 19, 82, 51);
insert into orders (order_id, delivery_addr, total_cost, taxes, delivery_fee, customer_id, payment_id, deliverypartner_id) values (84, 'Suite 80', 1273.29, 57.17, 37, 56, 68, 43);
insert into orders (order_id, delivery_addr, total_cost, taxes, delivery_fee, customer_id, payment_id, deliverypartner_id) values (85, 'Apt 813', 1523.25, 23.21, 14, 88, 100, 11);
insert into orders (order_id, delivery_addr, total_cost, taxes, delivery_fee, customer_id, payment_id, deliverypartner_id) values (86, 'Apt 1167', 1928.2, 81.17, 38, 73, 9, 68);
insert into orders (order_id, delivery_addr, total_cost, taxes, delivery_fee, customer_id, payment_id, deliverypartner_id) values (87, '7th Floor', 625.18, 15.39, 30, 40, 48, 72);
insert into orders (order_id, delivery_addr, total_cost, taxes, delivery_fee, customer_id, payment_id, deliverypartner_id) values (88, 'PO Box 25312', 1395.08, 59.93, 46, 6, 64, 69);
insert into orders (order_id, delivery_addr, total_cost, taxes, delivery_fee, customer_id, payment_id, deliverypartner_id) values (89, '16th Floor', 9.75, 94.91, 25, 15, 69, 24);
insert into orders (order_id, delivery_addr, total_cost, taxes, delivery_fee, customer_id, payment_id, deliverypartner_id) values (90, 'PO Box 26629', 1285.64, 75.37, 39, 57, 78, 96);
insert into orders (order_id, delivery_addr, total_cost, taxes, delivery_fee, customer_id, payment_id, deliverypartner_id) values (91, 'Suite 15', 799.04, 60.3, 37, 47, 35, 37);
insert into orders (order_id, delivery_addr, total_cost, taxes, delivery_fee, customer_id, payment_id, deliverypartner_id) values (92, 'PO Box 70846', 1344.2, 20.84, 29, 94, 59, 95);
insert into orders (order_id, delivery_addr, total_cost, taxes, delivery_fee, customer_id, payment_id, deliverypartner_id) values (93, '3rd Floor', 292.72, 3.9, 7, 52, 3, 14);
insert into orders (order_id, delivery_addr, total_cost, taxes, delivery_fee, customer_id, payment_id, deliverypartner_id) values (94, '3rd Floor', 643.34, 44.04, 35, 78, 96, 52);
insert into orders (order_id, delivery_addr, total_cost, taxes, delivery_fee, customer_id, payment_id, deliverypartner_id) values (95, 'Apt 1441', 1938.71, 96.2, 41, 1, 7, 72);
insert into orders (order_id, delivery_addr, total_cost, taxes, delivery_fee, customer_id, payment_id, deliverypartner_id) values (96, 'Suite 71', 683.18, 4.25, 6, 81, 88, 74);
insert into orders (order_id, delivery_addr, total_cost, taxes, delivery_fee, customer_id, payment_id, deliverypartner_id) values (97, 'Room 178', 1708.73, 50.17, 6, 52, 78, 8);
insert into orders (order_id, delivery_addr, total_cost, taxes, delivery_fee, customer_id, payment_id, deliverypartner_id) values (98, 'PO Box 30384', 1868.81, 9.0, 3, 84, 65, 30);
insert into orders (order_id, delivery_addr, total_cost, taxes, delivery_fee, customer_id, payment_id, deliverypartner_id) values (99, 'PO Box 23880', 547.06, 9.91, 39, 35, 68, 86);
insert into orders (order_id, delivery_addr, total_cost, taxes, delivery_fee, customer_id, payment_id, deliverypartner_id) values (100, 'Suite 54', 221.67, 45.25, 16, 86, 45, 40);


-- shipment db
insert into shipment (delivery_date, delivery_status, order_id, deliverypartner_id) values ('2023-02-11 23:28:29', false, 23, 31);
insert into shipment (delivery_date, delivery_status, order_id, deliverypartner_id) values ('2022-05-31 18:44:38', false, 90, 71);
insert into shipment (delivery_date, delivery_status, order_id, deliverypartner_id) values ('2022-04-05 22:23:29', true, 83, 22);
insert into shipment (delivery_date, delivery_status, order_id, deliverypartner_id) values ('2023-01-09 21:22:14', true, 72, 48);
insert into shipment (delivery_date, delivery_status, order_id, deliverypartner_id) values ('2022-02-28 09:04:00', false, 74, 43);
insert into shipment (delivery_date, delivery_status, order_id, deliverypartner_id) values ('2022-04-02 09:17:31', false, 46, 60);
insert into shipment (delivery_date, delivery_status, order_id, deliverypartner_id) values ('2022-01-23 07:42:35', false, 60, 7);
insert into shipment (delivery_date, delivery_status, order_id, deliverypartner_id) values ('2022-10-12 17:06:19', true, 74, 89);
insert into shipment (delivery_date, delivery_status, order_id, deliverypartner_id) values ('2022-01-19 02:46:50', false, 45, 41);
insert into shipment (delivery_date, delivery_status, order_id, deliverypartner_id) values ('2022-01-28 19:36:18', true, 77, 76);
insert into shipment (delivery_date, delivery_status, order_id, deliverypartner_id) values ('2023-02-03 21:17:21', false, 20, 46);
insert into shipment (delivery_date, delivery_status, order_id, deliverypartner_id) values ('2022-02-03 05:15:35', true, 25, 87);
insert into shipment (delivery_date, delivery_status, order_id, deliverypartner_id) values ('2022-10-31 09:43:47', false, 11, 32);
insert into shipment (delivery_date, delivery_status, order_id, deliverypartner_id) values ('2022-11-17 04:04:22', false, 44, 99);
insert into shipment (delivery_date, delivery_status, order_id, deliverypartner_id) values ('2022-11-07 16:26:17', false, 39, 100);
insert into shipment (delivery_date, delivery_status, order_id, deliverypartner_id) values ('2022-02-24 15:11:50', false, 43, 35);
insert into shipment (delivery_date, delivery_status, order_id, deliverypartner_id) values ('2022-08-21 05:19:28', false, 5, 14);
insert into shipment (delivery_date, delivery_status, order_id, deliverypartner_id) values ('2022-07-19 13:27:23', true, 46, 97);
insert into shipment (delivery_date, delivery_status, order_id, deliverypartner_id) values ('2022-02-21 09:25:37', true, 70, 58);
insert into shipment (delivery_date, delivery_status, order_id, deliverypartner_id) values ('2022-06-23 11:48:07', false, 89, 74);
insert into shipment (delivery_date, delivery_status, order_id, deliverypartner_id) values ('2022-04-22 06:15:47', false, 70, 11);
insert into shipment (delivery_date, delivery_status, order_id, deliverypartner_id) values ('2022-10-02 05:18:21', true, 26, 52);
insert into shipment (delivery_date, delivery_status, order_id, deliverypartner_id) values ('2022-05-13 09:30:29', false, 77, 19);
insert into shipment (delivery_date, delivery_status, order_id, deliverypartner_id) values ('2023-02-02 18:29:21', false, 3, 59);
insert into shipment (delivery_date, delivery_status, order_id, deliverypartner_id) values ('2023-01-23 12:14:11', false, 13, 65);
insert into shipment (delivery_date, delivery_status, order_id, deliverypartner_id) values ('2023-01-16 05:13:43', false, 78, 20);
insert into shipment (delivery_date, delivery_status, order_id, deliverypartner_id) values ('2022-10-07 22:44:07', true, 27, 66);
insert into shipment (delivery_date, delivery_status, order_id, deliverypartner_id) values ('2022-01-09 22:37:00', true, 49, 89);
insert into shipment (delivery_date, delivery_status, order_id, deliverypartner_id) values ('2022-03-25 08:53:28', true, 23, 18);
insert into shipment (delivery_date, delivery_status, order_id, deliverypartner_id) values ('2022-08-28 20:08:57', true, 33, 2);
insert into shipment (delivery_date, delivery_status, order_id, deliverypartner_id) values ('2022-04-23 13:26:14', true, 19, 81);
insert into shipment (delivery_date, delivery_status, order_id, deliverypartner_id) values ('2022-11-26 08:37:41', true, 5, 17);
insert into shipment (delivery_date, delivery_status, order_id, deliverypartner_id) values ('2022-09-17 15:31:11', false, 96, 70);
insert into shipment (delivery_date, delivery_status, order_id, deliverypartner_id) values ('2022-06-14 16:21:47', true, 81, 49);
insert into shipment (delivery_date, delivery_status, order_id, deliverypartner_id) values ('2023-01-13 05:38:04', true, 81, 52);
insert into shipment (delivery_date, delivery_status, order_id, deliverypartner_id) values ('2022-09-14 19:23:46', false, 1, 91);
insert into shipment (delivery_date, delivery_status, order_id, deliverypartner_id) values ('2022-01-11 14:55:21', true, 3, 77);
insert into shipment (delivery_date, delivery_status, order_id, deliverypartner_id) values ('2022-01-26 02:54:04', false, 67, 7);
insert into shipment (delivery_date, delivery_status, order_id, deliverypartner_id) values ('2022-10-27 02:07:29', true, 72, 62);
insert into shipment (delivery_date, delivery_status, order_id, deliverypartner_id) values ('2022-01-18 09:28:53', false, 86, 80);
insert into shipment (delivery_date, delivery_status, order_id, deliverypartner_id) values ('2022-12-28 21:25:39', false, 99, 29);
insert into shipment (delivery_date, delivery_status, order_id, deliverypartner_id) values ('2022-08-04 11:33:42', false, 16, 35);
insert into shipment (delivery_date, delivery_status, order_id, deliverypartner_id) values ('2022-01-13 21:43:14', false, 52, 98);
insert into shipment (delivery_date, delivery_status, order_id, deliverypartner_id) values ('2022-10-29 21:59:19', false, 29, 93);
insert into shipment (delivery_date, delivery_status, order_id, deliverypartner_id) values ('2022-08-30 20:58:39', false, 55, 92);
insert into shipment (delivery_date, delivery_status, order_id, deliverypartner_id) values ('2022-07-05 00:06:10', true, 33, 51);
insert into shipment (delivery_date, delivery_status, order_id, deliverypartner_id) values ('2023-01-10 19:01:50', true, 43, 97);
insert into shipment (delivery_date, delivery_status, order_id, deliverypartner_id) values ('2022-08-22 18:26:17', false, 68, 75);
insert into shipment (delivery_date, delivery_status, order_id, deliverypartner_id) values ('2022-04-28 14:42:10', true, 16, 8);
insert into shipment (delivery_date, delivery_status, order_id, deliverypartner_id) values ('2023-01-27 16:03:13', true, 84, 45);
insert into shipment (delivery_date, delivery_status, order_id, deliverypartner_id) values ('2023-02-07 05:56:00', false, 17, 49);
insert into shipment (delivery_date, delivery_status, order_id, deliverypartner_id) values ('2022-08-16 20:12:13', true, 14, 43);
insert into shipment (delivery_date, delivery_status, order_id, deliverypartner_id) values ('2022-10-26 22:32:29', true, 36, 7);
insert into shipment (delivery_date, delivery_status, order_id, deliverypartner_id) values ('2022-11-10 17:15:21', false, 57, 27);
insert into shipment (delivery_date, delivery_status, order_id, deliverypartner_id) values ('2022-08-13 11:52:16', false, 81, 84);
insert into shipment (delivery_date, delivery_status, order_id, deliverypartner_id) values ('2022-06-23 05:48:34', true, 83, 49);
insert into shipment (delivery_date, delivery_status, order_id, deliverypartner_id) values ('2022-05-18 17:50:40', false, 57, 34);
insert into shipment (delivery_date, delivery_status, order_id, deliverypartner_id) values ('2022-11-09 13:25:57', true, 91, 66);
insert into shipment (delivery_date, delivery_status, order_id, deliverypartner_id) values ('2022-02-09 15:23:16', false, 75, 87);
insert into shipment (delivery_date, delivery_status, order_id, deliverypartner_id) values ('2023-01-13 01:02:30', true, 56, 63);
insert into shipment (delivery_date, delivery_status, order_id, deliverypartner_id) values ('2022-10-03 14:13:21', false, 69, 58);
insert into shipment (delivery_date, delivery_status, order_id, deliverypartner_id) values ('2022-01-10 12:10:03', true, 79, 100);
insert into shipment (delivery_date, delivery_status, order_id, deliverypartner_id) values ('2022-04-03 07:34:20', false, 68, 28);
insert into shipment (delivery_date, delivery_status, order_id, deliverypartner_id) values ('2022-09-17 07:38:07', true, 11, 51);
insert into shipment (delivery_date, delivery_status, order_id, deliverypartner_id) values ('2022-01-25 18:37:44', false, 99, 88);
insert into shipment (delivery_date, delivery_status, order_id, deliverypartner_id) values ('2022-10-25 12:32:05', true, 22, 5);
insert into shipment (delivery_date, delivery_status, order_id, deliverypartner_id) values ('2022-01-16 10:15:45', false, 16, 39);
insert into shipment (delivery_date, delivery_status, order_id, deliverypartner_id) values ('2023-01-09 04:57:26', true, 61, 89);
insert into shipment (delivery_date, delivery_status, order_id, deliverypartner_id) values ('2022-04-07 08:45:31', false, 41, 87);
insert into shipment (delivery_date, delivery_status, order_id, deliverypartner_id) values ('2022-11-09 19:39:00', false, 45, 6);
insert into shipment (delivery_date, delivery_status, order_id, deliverypartner_id) values ('2022-03-11 06:53:59', false, 48, 97);
insert into shipment (delivery_date, delivery_status, order_id, deliverypartner_id) values ('2022-12-31 19:46:56', true, 97, 40);
insert into shipment (delivery_date, delivery_status, order_id, deliverypartner_id) values ('2022-12-21 07:59:00', false, 61, 48);
insert into shipment (delivery_date, delivery_status, order_id, deliverypartner_id) values ('2022-12-14 20:28:09', false, 43, 32);
insert into shipment (delivery_date, delivery_status, order_id, deliverypartner_id) values ('2022-01-23 11:06:53', true, 21, 46);
insert into shipment (delivery_date, delivery_status, order_id, deliverypartner_id) values ('2022-09-15 17:05:16', true, 76, 65);
insert into shipment (delivery_date, delivery_status, order_id, deliverypartner_id) values ('2022-12-06 21:49:19', false, 14, 27);
insert into shipment (delivery_date, delivery_status, order_id, deliverypartner_id) values ('2022-07-15 13:40:46', false, 82, 33);
insert into shipment (delivery_date, delivery_status, order_id, deliverypartner_id) values ('2022-10-17 17:31:01', false, 51, 66);
insert into shipment (delivery_date, delivery_status, order_id, deliverypartner_id) values ('2022-04-14 09:39:32', true, 44, 69);
insert into shipment (delivery_date, delivery_status, order_id, deliverypartner_id) values ('2022-04-24 07:00:45', false, 32, 72);
insert into shipment (delivery_date, delivery_status, order_id, deliverypartner_id) values ('2022-09-24 17:35:11', true, 2, 98);
insert into shipment (delivery_date, delivery_status, order_id, deliverypartner_id) values ('2022-09-22 22:28:39', false, 1, 1);
insert into shipment (delivery_date, delivery_status, order_id, deliverypartner_id) values ('2023-01-07 14:38:01', true, 83, 72);
insert into shipment (delivery_date, delivery_status, order_id, deliverypartner_id) values ('2022-06-11 01:16:13', false, 27, 88);
insert into shipment (delivery_date, delivery_status, order_id, deliverypartner_id) values ('2022-07-29 18:50:38', false, 1, 34);
insert into shipment (delivery_date, delivery_status, order_id, deliverypartner_id) values ('2022-08-19 22:58:12', true, 54, 8);
insert into shipment (delivery_date, delivery_status, order_id, deliverypartner_id) values ('2022-03-21 18:03:30', false, 73, 54);
insert into shipment (delivery_date, delivery_status, order_id, deliverypartner_id) values ('2022-09-01 16:43:52', true, 42, 55);
insert into shipment (delivery_date, delivery_status, order_id, deliverypartner_id) values ('2022-06-05 18:05:11', false, 62, 68);
insert into shipment (delivery_date, delivery_status, order_id, deliverypartner_id) values ('2022-09-26 12:23:15', true, 11, 68);
insert into shipment (delivery_date, delivery_status, order_id, deliverypartner_id) values ('2022-09-11 00:04:34', true, 99, 70);
insert into shipment (delivery_date, delivery_status, order_id, deliverypartner_id) values ('2022-08-02 06:11:27', true, 74, 19);
insert into shipment (delivery_date, delivery_status, order_id, deliverypartner_id) values ('2022-10-02 07:30:32', true, 30, 32);
insert into shipment (delivery_date, delivery_status, order_id, deliverypartner_id) values ('2022-03-16 07:51:11', true, 11, 71);
insert into shipment (delivery_date, delivery_status, order_id, deliverypartner_id) values ('2022-02-28 03:35:59', false, 47, 13);
insert into shipment (delivery_date, delivery_status, order_id, deliverypartner_id) values ('2023-01-24 07:11:27', false, 83, 79);
insert into shipment (delivery_date, delivery_status, order_id, deliverypartner_id) values ('2022-02-04 22:22:24', true, 8, 75);
insert into shipment (delivery_date, delivery_status, order_id, deliverypartner_id) values ('2022-09-30 11:23:16', false, 46, 53);
insert into shipment (delivery_date, delivery_status, order_id, deliverypartner_id) values ('2022-06-10 02:19:21', false, 73, 36);

-- shoppingcart db
insert into ShoppingCart (total_cost, taxes, customer_id, order_id, product_id) values (494.08, 46.93, 12, null, 90);
insert into ShoppingCart (total_cost, taxes, customer_id, order_id, product_id) values (293.31, 76.25, 31, null, 3);
insert into ShoppingCart (total_cost, taxes, customer_id, order_id, product_id) values (1768.03, 51.24, 88, null, 23);
insert into ShoppingCart (total_cost, taxes, customer_id, order_id, product_id) values (1304.2, 53.55, 10, 91, 16);
insert into ShoppingCart (total_cost, taxes, customer_id, order_id, product_id) values (988.16, 47.59, 72, null, 64);
insert into ShoppingCart (total_cost, taxes, customer_id, order_id, product_id) values (650.46, 38.22, 1, null, 25);
insert into ShoppingCart (total_cost, taxes, customer_id, order_id, product_id) values (1198.85, 22.16, 37, null, 86);
insert into ShoppingCart (total_cost, taxes, customer_id, order_id, product_id) values (1675.36, 56.19, 84, null, 49);
insert into ShoppingCart (total_cost, taxes, customer_id, order_id, product_id) values (1846.05, 19.69, 6, null, 34);
insert into ShoppingCart (total_cost, taxes, customer_id, order_id, product_id) values (1943.61, 89.97, 94, 33, 3);
insert into ShoppingCart (total_cost, taxes, customer_id, order_id, product_id) values (195.65, 69.51, 80, null, 58);
insert into ShoppingCart (total_cost, taxes, customer_id, order_id, product_id) values (121.44, 37.08, 4, null, 14);
insert into ShoppingCart (total_cost, taxes, customer_id, order_id, product_id) values (1715.82, 76.88, 88, 73, 50);
insert into ShoppingCart (total_cost, taxes, customer_id, order_id, product_id) values (975.23, 17.49, 73, null, 16);
insert into ShoppingCart (total_cost, taxes, customer_id, order_id, product_id) values (214.93, 94.57, 99, null, 12);
insert into ShoppingCart (total_cost, taxes, customer_id, order_id, product_id) values (71.48, 61.0, 59, null, 17);
insert into ShoppingCart (total_cost, taxes, customer_id, order_id, product_id) values (347.39, 46.4, 29, null, 19);
insert into ShoppingCart (total_cost, taxes, customer_id, order_id, product_id) values (1953.76, 14.56, 68, null, 38);
insert into ShoppingCart (total_cost, taxes, customer_id, order_id, product_id) values (40.31, 85.53, 13, null, 20);
insert into ShoppingCart (total_cost, taxes, customer_id, order_id, product_id) values (111.57, 10.2, 4, null, 2);
insert into ShoppingCart (total_cost, taxes, customer_id, order_id, product_id) values (1127.08, 21.64, 62, 96, 18);
insert into ShoppingCart (total_cost, taxes, customer_id, order_id, product_id) values (540.5, 69.35, 83, 17, 44);
insert into ShoppingCart (total_cost, taxes, customer_id, order_id, product_id) values (1852.07, 25.98, 52, null, 30);
insert into ShoppingCart (total_cost, taxes, customer_id, order_id, product_id) values (473.3, 54.58, 100, 77, 30);
insert into ShoppingCart (total_cost, taxes, customer_id, order_id, product_id) values (1615.5, 26.41, 41, 49, 86);
insert into ShoppingCart (total_cost, taxes, customer_id, order_id, product_id) values (1769.29, 60.97, 78, null, 62);
insert into ShoppingCart (total_cost, taxes, customer_id, order_id, product_id) values (631.63, 51.88, 90, null, 78);
insert into ShoppingCart (total_cost, taxes, customer_id, order_id, product_id) values (537.63, 85.7, 45, 79, 31);
insert into ShoppingCart (total_cost, taxes, customer_id, order_id, product_id) values (293.46, 16.02, 85, 54, 19);
insert into ShoppingCart (total_cost, taxes, customer_id, order_id, product_id) values (542.01, 26.28, 75, null, 75);
insert into ShoppingCart (total_cost, taxes, customer_id, order_id, product_id) values (903.9, 21.94, 82, 82, 1);
insert into ShoppingCart (total_cost, taxes, customer_id, order_id, product_id) values (264.55, 6.46, 13, 43, 62);
insert into ShoppingCart (total_cost, taxes, customer_id, order_id, product_id) values (159.85, 20.55, 94, 50, 32);
insert into ShoppingCart (total_cost, taxes, customer_id, order_id, product_id) values (1314.78, 28.82, 13, 17, 76);
insert into ShoppingCart (total_cost, taxes, customer_id, order_id, product_id) values (631.04, 17.12, 50, null, 49);
insert into ShoppingCart (total_cost, taxes, customer_id, order_id, product_id) values (1247.21, 17.04, 22, 34, 39);
insert into ShoppingCart (total_cost, taxes, customer_id, order_id, product_id) values (1598.15, 48.96, 59, 94, 30);
insert into ShoppingCart (total_cost, taxes, customer_id, order_id, product_id) values (240.72, 44.79, 1, null, 25);
insert into ShoppingCart (total_cost, taxes, customer_id, order_id, product_id) values (242.52, 95.56, 74, null, 56);
insert into ShoppingCart (total_cost, taxes, customer_id, order_id, product_id) values (720.85, 23.2, 78, null, 90);
insert into ShoppingCart (total_cost, taxes, customer_id, order_id, product_id) values (714.23, 11.21, 31, 18, 76);
insert into ShoppingCart (total_cost, taxes, customer_id, order_id, product_id) values (324.12, 79.84, 37, null, 44);
insert into ShoppingCart (total_cost, taxes, customer_id, order_id, product_id) values (1782.66, 78.16, 38, 16, 40);
insert into ShoppingCart (total_cost, taxes, customer_id, order_id, product_id) values (1826.76, 57.47, 55, 39, 96);
insert into ShoppingCart (total_cost, taxes, customer_id, order_id, product_id) values (798.54, 31.33, 82, null, 5);
insert into ShoppingCart (total_cost, taxes, customer_id, order_id, product_id) values (52.43, 50.91, 85, 34, 83);
insert into ShoppingCart (total_cost, taxes, customer_id, order_id, product_id) values (1981.86, 37.61, 74, 60, 89);
insert into ShoppingCart (total_cost, taxes, customer_id, order_id, product_id) values (1517.43, 97.92, 53, 66, 9);
insert into ShoppingCart (total_cost, taxes, customer_id, order_id, product_id) values (1019.2, 41.04, 3, null, 94);
insert into ShoppingCart (total_cost, taxes, customer_id, order_id, product_id) values (1388.9, 2.6, 84, 24, 17);
insert into ShoppingCart (total_cost, taxes, customer_id, order_id, product_id) values (1727.88, 57.34, 10, null, 73);
insert into ShoppingCart (total_cost, taxes, customer_id, order_id, product_id) values (840.17, 49.83, 20, null, 86);
insert into ShoppingCart (total_cost, taxes, customer_id, order_id, product_id) values (566.44, 47.53, 90, 35, 25);
insert into ShoppingCart (total_cost, taxes, customer_id, order_id, product_id) values (955.62, 47.42, 71, null, 46);
insert into ShoppingCart (total_cost, taxes, customer_id, order_id, product_id) values (1373.84, 84.01, 8, null, 85);
insert into ShoppingCart (total_cost, taxes, customer_id, order_id, product_id) values (1544.1, 51.83, 84, null, 65);
insert into ShoppingCart (total_cost, taxes, customer_id, order_id, product_id) values (1871.86, 17.07, 96, null, 15);
insert into ShoppingCart (total_cost, taxes, customer_id, order_id, product_id) values (1426.38, 28.13, 76, null, 18);
insert into ShoppingCart (total_cost, taxes, customer_id, order_id, product_id) values (1324.53, 91.89, 50, null, 43);
insert into ShoppingCart (total_cost, taxes, customer_id, order_id, product_id) values (634.84, 97.82, 87, null, 34);
insert into ShoppingCart (total_cost, taxes, customer_id, order_id, product_id) values (1686.54, 23.96, 51, null, 88);
insert into ShoppingCart (total_cost, taxes, customer_id, order_id, product_id) values (1401.77, 1.61, 100, null, 97);
insert into ShoppingCart (total_cost, taxes, customer_id, order_id, product_id) values (408.03, 94.05, 22, 24, 36);
insert into ShoppingCart (total_cost, taxes, customer_id, order_id, product_id) values (1554.2, 95.82, 88, null, 93);
insert into ShoppingCart (total_cost, taxes, customer_id, order_id, product_id) values (991.21, 1.29, 26, 57, 9);
insert into ShoppingCart (total_cost, taxes, customer_id, order_id, product_id) values (1825.67, 66.04, 6, 35, 93);
insert into ShoppingCart (total_cost, taxes, customer_id, order_id, product_id) values (64.9, 56.84, 37, null, 34);
insert into ShoppingCart (total_cost, taxes, customer_id, order_id, product_id) values (1946.18, 94.84, 4, 13, 57);
insert into ShoppingCart (total_cost, taxes, customer_id, order_id, product_id) values (1664.03, 69.71, 81, null, 89);
insert into ShoppingCart (total_cost, taxes, customer_id, order_id, product_id) values (586.08, 45.43, 5, 10, 94);
insert into ShoppingCart (total_cost, taxes, customer_id, order_id, product_id) values (1534.71, 2.61, 82, null, 88);
insert into ShoppingCart (total_cost, taxes, customer_id, order_id, product_id) values (1526.33, 19.11, 57, 86, 34);
insert into ShoppingCart (total_cost, taxes, customer_id, order_id, product_id) values (1510.67, 57.34, 32, null, 59);
insert into ShoppingCart (total_cost, taxes, customer_id, order_id, product_id) values (543.16, 64.34, 87, null, 3);
insert into ShoppingCart (total_cost, taxes, customer_id, order_id, product_id) values (997.21, 39.14, 59, null, 16);
insert into ShoppingCart (total_cost, taxes, customer_id, order_id, product_id) values (29.47, 88.61, 68, null, 32);
insert into ShoppingCart (total_cost, taxes, customer_id, order_id, product_id) values (1500.1, 27.65, 58, 15, 18);
insert into ShoppingCart (total_cost, taxes, customer_id, order_id, product_id) values (163.95, 97.94, 14, null, 67);
insert into ShoppingCart (total_cost, taxes, customer_id, order_id, product_id) values (876.49, 16.98, 71, 49, 91);
insert into ShoppingCart (total_cost, taxes, customer_id, order_id, product_id) values (1401.95, 61.82, 14, 69, 2);
insert into ShoppingCart (total_cost, taxes, customer_id, order_id, product_id) values (485.42, 92.95, 24, null, 77);
insert into ShoppingCart (total_cost, taxes, customer_id, order_id, product_id) values (842.45, 37.32, 53, 70, 52);
insert into ShoppingCart (total_cost, taxes, customer_id, order_id, product_id) values (1390.57, 49.76, 37, null, 92);
insert into ShoppingCart (total_cost, taxes, customer_id, order_id, product_id) values (1496.33, 42.81, 36, null, 37);
insert into ShoppingCart (total_cost, taxes, customer_id, order_id, product_id) values (1266.5, 22.68, 50, 63, 76);
insert into ShoppingCart (total_cost, taxes, customer_id, order_id, product_id) values (552.68, 13.27, 13, null, 96);
insert into ShoppingCart (total_cost, taxes, customer_id, order_id, product_id) values (1495.65, 20.25, 11, 97, 20);
insert into ShoppingCart (total_cost, taxes, customer_id, order_id, product_id) values (404.3, 86.4, 40, 27, 93);
insert into ShoppingCart (total_cost, taxes, customer_id, order_id, product_id) values (738.03, 29.44, 43, null, 10);
insert into ShoppingCart (total_cost, taxes, customer_id, order_id, product_id) values (1263.0, 69.93, 79, null, 76);
insert into ShoppingCart (total_cost, taxes, customer_id, order_id, product_id) values (88.21, 15.39, 10, null, 4);
insert into ShoppingCart (total_cost, taxes, customer_id, order_id, product_id) values (850.09, 42.91, 82, null, 88);
insert into ShoppingCart (total_cost, taxes, customer_id, order_id, product_id) values (842.15, 46.49, 62, null, 49);
insert into ShoppingCart (total_cost, taxes, customer_id, order_id, product_id) values (170.59, 8.34, 98, null, 26);
insert into ShoppingCart (total_cost, taxes, customer_id, order_id, product_id) values (869.37, 49.6, 54, null, 25);
insert into ShoppingCart (total_cost, taxes, customer_id, order_id, product_id) values (703.46, 70.28, 10, null, 80);
insert into ShoppingCart (total_cost, taxes, customer_id, order_id, product_id) values (248.07, 49.88, 25, null, 85);
insert into ShoppingCart (total_cost, taxes, customer_id, order_id, product_id) values (952.29, 34.57, 27, null, 78);
insert into ShoppingCart (total_cost, taxes, customer_id, order_id, product_id) values (1044.03, 57.95, 4, 85, 20);
insert into ShoppingCart (total_cost, taxes, customer_id, order_id, product_id) values (1619.46, 11.8, 77, null, 8);

-- admin db
insert into admin (admin_id, username, password ) values (1,'group42','completed_it')