USE kirana;

-- script for inputting data into the database

-- customer database
insert into customer (customer_id, first_name, middle_name, last_name, date_of_birth, phone_num, email_address, password, apt_number, street, city, state, pincode) values (1, 'Hildegaard', null, 'Evequot', '2002-05-02', '+1 505 204 4374', 'hevequot0@un.org', 'xHytHH5', 38, '97761', 'Albuquerque', 'New Mexico', '87201');
insert into customer (customer_id, first_name, middle_name, last_name, date_of_birth, phone_num, email_address, password, apt_number, street, city, state, pincode) values (2, 'Alfred', null, null, '2012-10-14', '+1 504 841 8338', 'amcgeown1@whitehouse.gov', 'Tx7EA46QFo8R', 91, '02', 'New Orleans', 'Louisiana', '70142');
insert into customer (customer_id, first_name, middle_name, last_name, date_of_birth, phone_num, email_address, password, apt_number, street, city, state, pincode) values (3, 'Jecho', null, 'Grelka', '2001-11-14', '+1 602 752 9291', 'jgrelka2@sourceforge.net', 'Jms8uIzr0R', 76, '93', 'Chandler', 'Arizona', '85246');
insert into customer (customer_id, first_name, middle_name, last_name, date_of_birth, phone_num, email_address, password, apt_number, street, city, state, pincode) values (4, 'Sebastian', null, null, '2009-10-02', '+1 816 710 0028', 'sfeatenby3@msn.com', 'ZVCag3MjW', 55, '8482', 'Kansas City', 'Missouri', '64179');
insert into customer (customer_id, first_name, middle_name, last_name, date_of_birth, phone_num, email_address, password, apt_number, street, city, state, pincode) values (5, 'Teodora', null, 'Woodroof', '1995-03-15', '+1 315 549 6534', 'twoodroof4@cbsnews.com', 'w1rClxL9HU', 7, '3', 'Syracuse', 'New York', '13217');
insert into customer (customer_id, first_name, middle_name, last_name, date_of_birth, phone_num, email_address, password, apt_number, street, city, state, pincode) values (6, 'Saloma', null, null, '2016-05-05', '+1 937 204 6951', 'spilling5@nhs.uk', 'xX6I8mxW', 4, '8', 'Dayton', 'Ohio', '45419');
insert into customer (customer_id, first_name, middle_name, last_name, date_of_birth, phone_num, email_address, password, apt_number, street, city, state, pincode) values (7, 'Lorri', null, 'Sharp', '2002-12-09', '+1 763 549 0363', 'lsharp6@ovh.net', 'B75i2HgcIxK', 94, '7866', 'Minneapolis', 'Minnesota', '55441');
insert into customer (customer_id, first_name, middle_name, last_name, date_of_birth, phone_num, email_address, password, apt_number, street, city, state, pincode) values (8, 'Ashlan', null, 'Branney', '1985-03-30', '+1 251 408 8245', 'abranney7@phoca.cz', 'tGNtRZFaXjF7', 77, '0989', 'Mobile', 'Alabama', '36622');
insert into customer (customer_id, first_name, middle_name, last_name, date_of_birth, phone_num, email_address, password, apt_number, street, city, state, pincode) values (9, 'Evita', null, 'Febvre', '1996-04-26', '+1 724 635 6683', 'efebvre8@opensource.org', 'EiIIQ4', 80, '953', 'Pittsburgh', 'Pennsylvania', '15210');
insert into customer (customer_id, first_name, middle_name, last_name, date_of_birth, phone_num, email_address, password, apt_number, street, city, state, pincode) values (10, 'Mirabella', null, 'McNee', '2022-01-20', '+1 682 799 7830', 'mmcnee9@goodreads.com', 'CBRY3HUE5', 33, '3', 'Fort Worth', 'Texas', '76198');
insert into customer (customer_id, first_name, middle_name, last_name, date_of_birth, phone_num, email_address, password, apt_number, street, city, state, pincode) values (11, 'Ailee', 'Satch', 'Bailess', '2008-08-01', '+1 202 445 0110', 'abailessa@liveinternet.ru', '3dI9rPO', 33, '407', 'Washington', 'District of Columbia', '20005');
insert into customer (customer_id, first_name, middle_name, last_name, date_of_birth, phone_num, email_address, password, apt_number, street, city, state, pincode) values (12, 'Georas', null, 'Morgon', '2006-02-19', '+1 859 274 1493', 'gmorgonb@blogs.com', 'SDY6e21', 33, '579', 'Lexington', 'Kentucky', '40510');
insert into customer (customer_id, first_name, middle_name, last_name, date_of_birth, phone_num, email_address, password, apt_number, street, city, state, pincode) values (13, 'Albertina', null, 'MacAloren', '2011-06-14', '+1 917 824 5332', 'amacalorenc@psu.edu', 'WZEcJg3', 10, '25171', 'Jamaica', 'New York', '11480');
insert into customer (customer_id, first_name, middle_name, last_name, date_of_birth, phone_num, email_address, password, apt_number, street, city, state, pincode) values (14, 'Lenna', 'Gueny', 'Klimov', '1987-11-18', '+1 317 449 8196', 'lklimovd@netvibes.com', 'ZiZ3dyb', 46, '1', 'Indianapolis', 'Indiana', '46295');
insert into customer (customer_id, first_name, middle_name, last_name, date_of_birth, phone_num, email_address, password, apt_number, street, city, state, pincode) values (15, 'Warner', null, 'Spragg', '1999-02-27', '+1 216 460 9047', 'wspragge@github.io', 'LQCSLDDw', 30, '6647', 'Cleveland', 'Ohio', '44118');
insert into customer (customer_id, first_name, middle_name, last_name, date_of_birth, phone_num, email_address, password, apt_number, street, city, state, pincode) values (16, 'Jami', 'Manuely', 'Elias', '2001-06-12', '+1 512 861 6980', 'jeliasf@amazon.co.uk', 'faNq7bQfGhl', 88, '6', 'Austin', 'Texas', '78726');
insert into customer (customer_id, first_name, middle_name, last_name, date_of_birth, phone_num, email_address, password, apt_number, street, city, state, pincode) values (17, 'Coretta', 'Perkis', 'Greetham', '1992-06-30', '+1 407 161 6112', 'cgreethamg@hatena.ne.jp', 'mcVIDI', 97, '2442', 'Orlando', 'Florida', '32854');
insert into customer (customer_id, first_name, middle_name, last_name, date_of_birth, phone_num, email_address, password, apt_number, street, city, state, pincode) values (18, 'Sherwin', null, 'Rykert', '2005-06-03', '+1 440 451 3429', 'srykerth@imgur.com', 'J0KD8JU04I', 4, '330', 'Cleveland', 'Ohio', '44130');
insert into customer (customer_id, first_name, middle_name, last_name, date_of_birth, phone_num, email_address, password, apt_number, street, city, state, pincode) values (19, 'Gerda', null, 'Kidson', '2002-07-10', '+1 760 794 5262', 'gkidsoni@upenn.edu', 'XXd8qc8v6w', 51, '87', 'Escondido', 'California', '92030');
insert into customer (customer_id, first_name, middle_name, last_name, date_of_birth, phone_num, email_address, password, apt_number, street, city, state, pincode) values (20, 'Ekaterina', null, 'Couvert', '2003-02-04', '+1 520 637 4157', 'ecouvertj@kickstarter.com', '4tFQFDfPz', 53, '668', 'Prescott', 'Arizona', '86305');
insert into customer (customer_id, first_name, middle_name, last_name, date_of_birth, phone_num, email_address, password, apt_number, street, city, state, pincode) values (21, 'Gerri', null, 'Carp', '2002-10-17', '+1 508 621 6226', 'gcarpk@youtube.com', 'XywrHYqOw1', 34, '234', 'Boston', 'Massachusetts', '02114');
insert into customer (customer_id, first_name, middle_name, last_name, date_of_birth, phone_num, email_address, password, apt_number, street, city, state, pincode) values (22, 'Christopher', 'D''Almeida', null, '2014-06-21', '+1 423 393 8505', 'cdonnanl@state.tx.us', 'zHqztnYvseC', 1, '07', 'Kingsport', 'Tennessee', '37665');
insert into customer (customer_id, first_name, middle_name, last_name, date_of_birth, phone_num, email_address, password, apt_number, street, city, state, pincode) values (23, 'Shaylah', null, 'Garton', '2020-08-08', '+1 302 102 5321', 'sgartonm@webeden.co.uk', 'IV532IWf3', 83, '82296', 'Wilmington', 'Delaware', '19897');
insert into customer (customer_id, first_name, middle_name, last_name, date_of_birth, phone_num, email_address, password, apt_number, street, city, state, pincode) values (24, 'Kincaid', 'Casbon', 'Shelmardine', '1987-08-15', '+1 202 622 3192', 'kshelmardinen@archive.org', 'r7qwanB8vGG', 45, '31602', 'Washington', 'District of Columbia', '20540');
insert into customer (customer_id, first_name, middle_name, last_name, date_of_birth, phone_num, email_address, password, apt_number, street, city, state, pincode) values (25, 'Blakeley', null, 'Tolomio', '1991-11-21', '+1 281 825 0720', 'btolomioo@quantcast.com', 'vG0CtDlykc', 66, '3915', 'Spring', 'Texas', '77386');
insert into customer (customer_id, first_name, middle_name, last_name, date_of_birth, phone_num, email_address, password, apt_number, street, city, state, pincode) values (26, 'Valida', null, null, '1997-06-16', '+1 720 911 2488', 'vmcilwrickp@drupal.org', 'tBp864G', 94, '76', 'Littleton', 'Colorado', '80161');
insert into customer (customer_id, first_name, middle_name, last_name, date_of_birth, phone_num, email_address, password, apt_number, street, city, state, pincode) values (27, 'Lucais', null, 'Cardenosa', '2000-08-29', '+1 501 975 1954', 'lcardenosaq@blogtalkradio.com', 'X8GreYtB', 76, '83893', 'North Little Rock', 'Arkansas', '72118');
insert into customer (customer_id, first_name, middle_name, last_name, date_of_birth, phone_num, email_address, password, apt_number, street, city, state, pincode) values (28, 'Barbette', null, 'Batters', '2020-04-15', '+1 919 546 9090', 'bbattersr@adobe.com', 'XOxmFjw', 70, '3669', 'Durham', 'North Carolina', '27710');
insert into customer (customer_id, first_name, middle_name, last_name, date_of_birth, phone_num, email_address, password, apt_number, street, city, state, pincode) values (29, 'Nye', null, null, '1997-01-06', '+1 256 849 7783', 'nlarozes@google.co.jp', 'iGw2JLq5z', 18, '038', 'Huntsville', 'Alabama', '35895');
insert into customer (customer_id, first_name, middle_name, last_name, date_of_birth, phone_num, email_address, password, apt_number, street, city, state, pincode) values (30, 'Cornell', null, 'Audiss', '1989-04-23', '+1 805 302 3881', 'caudisst@squidoo.com', 'cUmIZ8mECx', 71, '3', 'Simi Valley', 'California', '93094');
insert into customer (customer_id, first_name, middle_name, last_name, date_of_birth, phone_num, email_address, password, apt_number, street, city, state, pincode) values (31, 'Lila', 'Milborn', null, '2002-03-06', '+1 682 732 6018', 'lbratleyu@opensource.org', 'snaIWoKL98', 80, '52419', 'Fort Worth', 'Texas', '76192');
insert into customer (customer_id, first_name, middle_name, last_name, date_of_birth, phone_num, email_address, password, apt_number, street, city, state, pincode) values (32, 'Elliot', null, 'Scotcher', '2003-07-15', '+1 615 642 3870', 'escotcherv@samsung.com', 'QuEbE8EV', 26, '63801', 'Murfreesboro', 'Tennessee', '37131');
insert into customer (customer_id, first_name, middle_name, last_name, date_of_birth, phone_num, email_address, password, apt_number, street, city, state, pincode) values (33, 'Eilis', null, 'Dabnot', '2010-12-10', '+1 785 198 3100', 'edabnotw@about.com', 'ftWyj2S1', 84, '1', 'Topeka', 'Kansas', '66642');
insert into customer (customer_id, first_name, middle_name, last_name, date_of_birth, phone_num, email_address, password, apt_number, street, city, state, pincode) values (34, 'Daniel', null, 'Bratch', '1988-12-02', '+1 786 427 2650', 'dbratchx@wikia.com', 'KUkbdXluS', 76, '693', 'Miami', 'Florida', '33233');
insert into customer (customer_id, first_name, middle_name, last_name, date_of_birth, phone_num, email_address, password, apt_number, street, city, state, pincode) values (35, 'Margarethe', null, 'Lafont', '2014-01-16', '+1 806 171 5301', 'mlafonty@about.com', '8PUZhTqYoGk', 91, '7245', 'Amarillo', 'Texas', '79105');
insert into customer (customer_id, first_name, middle_name, last_name, date_of_birth, phone_num, email_address, password, apt_number, street, city, state, pincode) values (36, 'Ursuline', null, 'Pawelski', '2005-09-04', '+1 719 866 0911', 'upawelskiz@yale.edu', 'cihdl3vJAfM', 77, '82', 'Pueblo', 'Colorado', '81005');
insert into customer (customer_id, first_name, middle_name, last_name, date_of_birth, phone_num, email_address, password, apt_number, street, city, state, pincode) values (37, 'Maddalena', null, 'Bennen', '2013-02-19', '+1 209 746 4467', 'mbennen10@pbs.org', 'Cp0oKGln', 61, '9560', 'Stockton', 'California', '95298');
insert into customer (customer_id, first_name, middle_name, last_name, date_of_birth, phone_num, email_address, password, apt_number, street, city, state, pincode) values (38, 'Pennie', null, 'Kalisch', '2022-04-12', '+1 414 166 6527', 'pkalisch11@unicef.org', 'QW2EMMb', 48, '645', 'Milwaukee', 'Wisconsin', '53277');
insert into customer (customer_id, first_name, middle_name, last_name, date_of_birth, phone_num, email_address, password, apt_number, street, city, state, pincode) values (39, 'Griffin', null, 'Weston', '1997-09-01', '+1 402 924 1325', 'gweston12@delicious.com', 'Ng11DLvbaM', 20, '52214', 'Omaha', 'Nebraska', '68164');
insert into customer (customer_id, first_name, middle_name, last_name, date_of_birth, phone_num, email_address, password, apt_number, street, city, state, pincode) values (40, 'Eugene', null, 'Minguet', '2022-08-25', '+1 386 777 0397', 'eminguet13@washingtonpost.com', 'gz5S8t', 2, '56599', 'Daytona Beach', 'Florida', '32123');
insert into customer (customer_id, first_name, middle_name, last_name, date_of_birth, phone_num, email_address, password, apt_number, street, city, state, pincode) values (41, 'Gretta', 'Doy', 'Houndesome', '1990-06-13', '+1 312 960 5326', 'ghoundesome14@fda.gov', 'Fj94BiQ', 51, '7', 'Chicago', 'Illinois', '60663');
insert into customer (customer_id, first_name, middle_name, last_name, date_of_birth, phone_num, email_address, password, apt_number, street, city, state, pincode) values (42, 'Kylila', null, 'Opy', '1989-08-21', '+1 936 845 4096', 'kopy15@wunderground.com', 'kUAeA2X1', 48, '5', 'Beaumont', 'Texas', '77705');
insert into customer (customer_id, first_name, middle_name, last_name, date_of_birth, phone_num, email_address, password, apt_number, street, city, state, pincode) values (43, 'Baird', null, 'Exter', '1987-09-30', '+1 859 638 0383', 'bexter16@cmu.edu', 'bUpNZR', 70, '9', 'Lexington', 'Kentucky', '40581');
insert into customer (customer_id, first_name, middle_name, last_name, date_of_birth, phone_num, email_address, password, apt_number, street, city, state, pincode) values (44, 'Kaylee', null, 'Silbert', '2019-07-14', '+1 907 826 1090', 'ksilbert17@hc360.com', 'k6wuE1VQd', 100, '1360', 'Anchorage', 'Alaska', '99517');
insert into customer (customer_id, first_name, middle_name, last_name, date_of_birth, phone_num, email_address, password, apt_number, street, city, state, pincode) values (45, 'Valerye', 'Gilogly', 'Doudney', '2000-12-25', '+1 859 972 9595', 'vdoudney18@bigcartel.com', 'sBxilQH', 66, '874', 'Lexington', 'Kentucky', '40546');
insert into customer (customer_id, first_name, middle_name, last_name, date_of_birth, phone_num, email_address, password, apt_number, street, city, state, pincode) values (46, 'Beale', null, null, '2017-07-31', '+1 734 790 0477', 'bwhittek19@blogger.com', '8u1wqcfFvO9', 61, '27378', 'Detroit', 'Michigan', '48211');
insert into customer (customer_id, first_name, middle_name, last_name, date_of_birth, phone_num, email_address, password, apt_number, street, city, state, pincode) values (47, 'Patrice', null, 'Scrivener', '2002-02-24', '+1 859 434 8532', 'pscrivener1a@marketwatch.com', '0cBhuS8lPsto', 37, '25', 'Lexington', 'Kentucky', '40596');
insert into customer (customer_id, first_name, middle_name, last_name, date_of_birth, phone_num, email_address, password, apt_number, street, city, state, pincode) values (48, 'Major', null, 'Chitty', '2021-07-19', '+1 702 789 3534', 'mchitty1b@bloglovin.com', 'Q2fSyupW3', 14, '81', 'Las Vegas', 'Nevada', '89105');
insert into customer (customer_id, first_name, middle_name, last_name, date_of_birth, phone_num, email_address, password, apt_number, street, city, state, pincode) values (49, 'Buckie', 'Bucksey', 'Driscoll', '2001-03-22', '+1 713 157 8049', 'bdriscoll1c@hubpages.com', 'KmKAMoi', 76, '2', 'Humble', 'Texas', '77346');
insert into customer (customer_id, first_name, middle_name, last_name, date_of_birth, phone_num, email_address, password, apt_number, street, city, state, pincode) values (50, 'Rey', null, 'Twentyman', '2011-02-12', '+1 516 248 4099', 'rtwentyman1d@army.mil', 'liuzO7pyw6G', 26, '18828', 'Hicksville', 'New York', '11854');
insert into customer (customer_id, first_name, middle_name, last_name, date_of_birth, phone_num, email_address, password, apt_number, street, city, state, pincode) values (51, 'Thaddeus', null, 'Axup', '1997-05-12', '+1 253 807 3076', 'taxup1e@tinypic.com', 'ElHiWsqbLY4Y', 49, '13', 'Seattle', 'Washington', '98121');
insert into customer (customer_id, first_name, middle_name, last_name, date_of_birth, phone_num, email_address, password, apt_number, street, city, state, pincode) values (52, 'West', null, 'Lincoln', '2004-06-18', '+1 706 126 5754', 'wlincoln1f@bbc.co.uk', 'oXKEb8B6ZtC', 61, '7', 'Augusta', 'Georgia', '30919');
insert into customer (customer_id, first_name, middle_name, last_name, date_of_birth, phone_num, email_address, password, apt_number, street, city, state, pincode) values (53, 'Allina', null, 'Roseman', '2015-12-22', '+1 501 582 0188', 'aroseman1g@oracle.com', 'Bbk68qgirq', 73, '49987', 'Little Rock', 'Arkansas', '72231');
insert into customer (customer_id, first_name, middle_name, last_name, date_of_birth, phone_num, email_address, password, apt_number, street, city, state, pincode) values (54, 'Dicky', null, 'Itschakov', '2009-04-21', '+1 614 850 2150', 'ditschakov1h@tuttocitta.it', 'D8d4gEFMtvQx', 37, '96624', 'Columbus', 'Ohio', '43220');
insert into customer (customer_id, first_name, middle_name, last_name, date_of_birth, phone_num, email_address, password, apt_number, street, city, state, pincode) values (55, 'Rutledge', 'Mainston', 'Bartod', '2021-01-19', '+1 617 473 0023', 'rbartod1i@livejournal.com', 'OcggNW', 25, '4657', 'Boston', 'Massachusetts', '02298');
insert into customer (customer_id, first_name, middle_name, last_name, date_of_birth, phone_num, email_address, password, apt_number, street, city, state, pincode) values (56, 'Freemon', 'Hearsum', 'Coweuppe', '2007-06-15', '+1 770 723 3703', 'fcoweuppe1j@google.pl', '7lfa6oEd', 60, '3178', 'Marietta', 'Georgia', '30066');
insert into customer (customer_id, first_name, middle_name, last_name, date_of_birth, phone_num, email_address, password, apt_number, street, city, state, pincode) values (57, 'Leone', null, null, '2022-08-29', '+1 302 823 4436', 'lakid1k@dion.ne.jp', 'YrTVYxN', 86, '771', 'Wilmington', 'Delaware', '19886');
insert into customer (customer_id, first_name, middle_name, last_name, date_of_birth, phone_num, email_address, password, apt_number, street, city, state, pincode) values (58, 'Janka', 'Dumingo', null, '1996-11-17', '+1 520 892 7196', 'jlarkkem1l@reference.com', 'kIyxmi07v1in', 48, '296', 'Tucson', 'Arizona', '85720');
insert into customer (customer_id, first_name, middle_name, last_name, date_of_birth, phone_num, email_address, password, apt_number, street, city, state, pincode) values (59, 'Aylmer', 'Attwater', 'Allans', '2006-06-17', '+1 213 757 5331', 'aallans1m@twitpic.com', 'rwI2dEPp', 37, '64', 'Los Angeles', 'California', '90081');
insert into customer (customer_id, first_name, middle_name, last_name, date_of_birth, phone_num, email_address, password, apt_number, street, city, state, pincode) values (60, 'Lee', null, 'Giddings', '2021-03-26', '+1 248 222 3136', 'lgiddings1n@usatoday.com', '4aPGLW29cf8n', 14, '7', 'Detroit', 'Michigan', '48258');
insert into customer (customer_id, first_name, middle_name, last_name, date_of_birth, phone_num, email_address, password, apt_number, street, city, state, pincode) values (61, 'Nev', null, 'Tremolieres', '2008-04-04', '+1 713 755 8711', 'ntremolieres1o@twitpic.com', 'xBxQRh21SPuL', 87, '5', 'Houston', 'Texas', '77245');
insert into customer (customer_id, first_name, middle_name, last_name, date_of_birth, phone_num, email_address, password, apt_number, street, city, state, pincode) values (62, 'Tommie', 'McKinn', null, '1990-06-13', '+1 936 668 2592', 'tzahor1p@cafepress.com', '7dXtRx', 46, '70041', 'Huntsville', 'Texas', '77343');
insert into customer (customer_id, first_name, middle_name, last_name, date_of_birth, phone_num, email_address, password, apt_number, street, city, state, pincode) values (63, 'Lavinie', null, 'Deakan', '1998-03-13', '+1 512 157 7497', 'ldeakan1q@nyu.edu', 'zgZWMJKpp', 60, '87', 'Austin', 'Texas', '78737');
insert into customer (customer_id, first_name, middle_name, last_name, date_of_birth, phone_num, email_address, password, apt_number, street, city, state, pincode) values (64, 'Fredia', null, 'Ondracek', '1998-10-02', '+1 513 574 8082', 'fondracek1r@army.mil', 'ElU967JiRMA', 80, '4', 'Cincinnati', 'Ohio', '45249');
insert into customer (customer_id, first_name, middle_name, last_name, date_of_birth, phone_num, email_address, password, apt_number, street, city, state, pincode) values (65, 'Marijn', null, 'Wixey', '2019-09-05', '+1 936 756 9679', 'mwixey1s@gov.uk', 'axb1DZG', 5, '74335', 'Huntsville', 'Texas', '77343');
insert into customer (customer_id, first_name, middle_name, last_name, date_of_birth, phone_num, email_address, password, apt_number, street, city, state, pincode) values (66, 'Bibby', null, 'Seven', '2013-08-12', '+1 704 515 7749', 'bseven1t@forbes.com', 'NnsXZyU', 13, '9205', 'Charlotte', 'North Carolina', '28284');
insert into customer (customer_id, first_name, middle_name, last_name, date_of_birth, phone_num, email_address, password, apt_number, street, city, state, pincode) values (67, 'Salomo', null, 'Spurman', '2020-02-23', '+1 305 721 3082', 'sspurman1u@ucoz.com', 'kTiqgaYS', 16, '4947', 'Miami', 'Florida', '33175');
insert into customer (customer_id, first_name, middle_name, last_name, date_of_birth, phone_num, email_address, password, apt_number, street, city, state, pincode) values (68, 'Blinny', null, 'Lequeux', '2000-03-24', '+1 850 944 7327', 'blequeux1v@skyrock.com', 'QK355rfg', 16, '382', 'Tallahassee', 'Florida', '32309');
insert into customer (customer_id, first_name, middle_name, last_name, date_of_birth, phone_num, email_address, password, apt_number, street, city, state, pincode) values (69, 'Gianni', null, 'Shields', '2016-04-17', '+1 785 497 6587', 'gshields1w@unc.edu', 'YOisjCPl', 79, '0358', 'Topeka', 'Kansas', '66699');
insert into customer (customer_id, first_name, middle_name, last_name, date_of_birth, phone_num, email_address, password, apt_number, street, city, state, pincode) values (70, 'Aurora', null, null, '2021-02-11', '+1 865 997 0726', 'afawdrey1x@typepad.com', 'qdqgeW5Mzy', 4, '6499', 'Knoxville', 'Tennessee', '37939');
insert into customer (customer_id, first_name, middle_name, last_name, date_of_birth, phone_num, email_address, password, apt_number, street, city, state, pincode) values (71, 'Esra', null, 'Tortis', '2001-06-29', '+1 205 413 0825', 'etortis1y@google.com.hk', 'iXi0a0', 32, '0268', 'Birmingham', 'Alabama', '35244');
insert into customer (customer_id, first_name, middle_name, last_name, date_of_birth, phone_num, email_address, password, apt_number, street, city, state, pincode) values (72, 'Julee', null, 'Beeston', '1987-06-19', '+1 859 149 0813', 'jbeeston1z@cnn.com', 'eB6zJN', 82, '62', 'Lexington', 'Kentucky', '40515');
insert into customer (customer_id, first_name, middle_name, last_name, date_of_birth, phone_num, email_address, password, apt_number, street, city, state, pincode) values (73, 'Willette', 'Lewerenz', 'Vassar', '1986-02-02', '+1 504 993 5290', 'wvassar20@chicagotribune.com', 'Io11Vq', 10, '4', 'New Orleans', 'Louisiana', '70179');
insert into customer (customer_id, first_name, middle_name, last_name, date_of_birth, phone_num, email_address, password, apt_number, street, city, state, pincode) values (74, 'Calli', null, 'Munehay', '2016-03-18', '+1 713 134 6766', 'cmunehay21@cam.ac.uk', 'tVoVZNnJ7QxM', 84, '59', 'Houston', 'Texas', '77228');
insert into customer (customer_id, first_name, middle_name, last_name, date_of_birth, phone_num, email_address, password, apt_number, street, city, state, pincode) values (75, 'Vally', null, 'Blazynski', '1988-05-20', '+1 843 847 0773', 'vblazynski22@joomla.org', 'ovfmAQOdJj2N', 13, '1126', 'Charleston', 'South Carolina', '29403');
insert into customer (customer_id, first_name, middle_name, last_name, date_of_birth, phone_num, email_address, password, apt_number, street, city, state, pincode) values (76, 'Celinka', null, 'Portt', '2011-06-18', '+1 718 396 0241', 'cportt23@ihg.com', 'yLJZwlk4u1mo', 76, '64', 'Brooklyn', 'New York', '11205');
insert into customer (customer_id, first_name, middle_name, last_name, date_of_birth, phone_num, email_address, password, apt_number, street, city, state, pincode) values (77, 'Cherri', null, 'Grabham', '2010-04-02', '+1 505 642 9538', 'cgrabham24@moonfruit.com', 'ocL6KmNfzHPg', 23, '29541', 'Albuquerque', 'New Mexico', '87201');
insert into customer (customer_id, first_name, middle_name, last_name, date_of_birth, phone_num, email_address, password, apt_number, street, city, state, pincode) values (78, 'Tilly', null, 'Maffioletti', '1992-12-28', '+1 601 781 0423', 'tmaffioletti25@bbc.co.uk', 'CCneqQaxXmW', 85, '2', 'Jackson', 'Mississippi', '39204');
insert into customer (customer_id, first_name, middle_name, last_name, date_of_birth, phone_num, email_address, password, apt_number, street, city, state, pincode) values (79, 'Klaus', 'Strain', 'Woolard', '2000-01-31', '+1 215 101 1525', 'kwoolard26@prnewswire.com', 'qFOzmXeWOSg', 62, '039', 'Philadelphia', 'Pennsylvania', '19141');
insert into customer (customer_id, first_name, middle_name, last_name, date_of_birth, phone_num, email_address, password, apt_number, street, city, state, pincode) values (80, 'Helaine', null, 'Castellanos', '1985-04-04', '+1 518 598 9984', 'hcastellanos27@miibeian.gov.cn', 'x5gCxV', 79, '3', 'Albany', 'New York', '12242');
insert into customer (customer_id, first_name, middle_name, last_name, date_of_birth, phone_num, email_address, password, apt_number, street, city, state, pincode) values (81, 'Tomasina', 'Broschek', null, '2001-02-17', '+1 863 884 5003', 'tivashechkin28@pagesperso-orange.fr', 'Mhyn7LPJ8', 21, '7833', 'Winter Haven', 'Florida', '33884');
insert into customer (customer_id, first_name, middle_name, last_name, date_of_birth, phone_num, email_address, password, apt_number, street, city, state, pincode) values (82, 'Isobel', null, 'Jacquemot', '2023-02-03', '+1 915 315 5581', 'ijacquemot29@businesswire.com', 'WMpVH3wdIHFx', 28, '89419', 'El Paso', 'Texas', '88574');
insert into customer (customer_id, first_name, middle_name, last_name, date_of_birth, phone_num, email_address, password, apt_number, street, city, state, pincode) values (83, 'Ingemar', null, 'Hyman', '1994-04-20', '+1 682 296 7139', 'ihyman2a@webmd.com', '5NsnE7i', 43, '14081', 'Fort Worth', 'Texas', '76192');
insert into customer (customer_id, first_name, middle_name, last_name, date_of_birth, phone_num, email_address, password, apt_number, street, city, state, pincode) values (84, 'Emelen', null, 'McLaggan', '2015-02-13', '+1 571 485 0855', 'emclaggan2b@domainmarket.com', 'xcxwk8', 72, '301', 'Merrifield', 'Virginia', '22119');
insert into customer (customer_id, first_name, middle_name, last_name, date_of_birth, phone_num, email_address, password, apt_number, street, city, state, pincode) values (85, 'Wilhelm', null, 'Duthy', '2018-04-01', '+1 518 634 2754', 'wduthy2c@aboutads.info', 'Q3Q1hN7', 15, '55837', 'Schenectady', 'New York', '12325');
insert into customer (customer_id, first_name, middle_name, last_name, date_of_birth, phone_num, email_address, password, apt_number, street, city, state, pincode) values (86, 'Merrielle', 'Melly', 'Dawney', '1987-02-20', '+1 251 187 0519', 'mdawney2d@scribd.com', '0BxzZcybE', 94, '63949', 'Mobile', 'Alabama', '36616');
insert into customer (customer_id, first_name, middle_name, last_name, date_of_birth, phone_num, email_address, password, apt_number, street, city, state, pincode) values (87, 'Maire', null, 'Presnell', '1992-04-06', '+1 410 803 6904', 'mpresnell2e@sfgate.com', 'FuwnIZ', 75, '1', 'Baltimore', 'Maryland', '21275');
insert into customer (customer_id, first_name, middle_name, last_name, date_of_birth, phone_num, email_address, password, apt_number, street, city, state, pincode) values (88, 'Darrelle', null, null, '2012-09-29', '+1 561 333 9795', 'dqueree2f@mozilla.org', 'RFOeYyvl9', 1, '954', 'Boca Raton', 'Florida', '33499');
insert into customer (customer_id, first_name, middle_name, last_name, date_of_birth, phone_num, email_address, password, apt_number, street, city, state, pincode) values (89, 'Lillian', null, 'Ruthen', '2004-09-24', '+1 256 630 7703', 'lruthen2g@deviantart.com', 'QwjyEx6nnCoX', 36, '8604', 'Huntsville', 'Alabama', '35810');
insert into customer (customer_id, first_name, middle_name, last_name, date_of_birth, phone_num, email_address, password, apt_number, street, city, state, pincode) values (90, 'Gothart', null, null, '1997-12-29', '+1 818 408 6707', 'gzoane2h@ibm.com', 'pzH7MU5Ki', 56, '07', 'Northridge', 'California', '91328');
insert into customer (customer_id, first_name, middle_name, last_name, date_of_birth, phone_num, email_address, password, apt_number, street, city, state, pincode) values (91, 'Annadiana', null, 'Wescott', '2007-09-22', '+1 402 276 3934', 'awescott2i@oracle.com', 'dATL75L', 90, '1', 'Omaha', 'Nebraska', '68124');
insert into customer (customer_id, first_name, middle_name, last_name, date_of_birth, phone_num, email_address, password, apt_number, street, city, state, pincode) values (92, 'Orlando', null, null, '2004-10-27', '+1 954 876 9087', 'odugget2j@yelp.com', 'TW2MxrS9k', 88, '32239', 'Fort Lauderdale', 'Florida', '33325');
insert into customer (customer_id, first_name, middle_name, last_name, date_of_birth, phone_num, email_address, password, apt_number, street, city, state, pincode) values (93, 'Deonne', null, 'Darrington', '2012-12-07', '+1 309 290 1062', 'ddarrington2k@fda.gov', 'faO0uX', 45, '2', 'Peoria', 'Illinois', '61635');
insert into customer (customer_id, first_name, middle_name, last_name, date_of_birth, phone_num, email_address, password, apt_number, street, city, state, pincode) values (94, 'Yettie', null, 'Clulow', '2003-03-04', '+1 754 753 0018', 'yclulow2l@ehow.com', 'dJ43k0jpA6Nd', 53, '886', 'Fort Lauderdale', 'Florida', '33310');
insert into customer (customer_id, first_name, middle_name, last_name, date_of_birth, phone_num, email_address, password, apt_number, street, city, state, pincode) values (95, 'Rhianna', 'Dwight', 'Piotrowski', '2014-09-12', '+1 505 712 6123', 'rpiotrowski2m@springer.com', 'Wsrixd3Xm', 81, '6128', 'Santa Fe', 'New Mexico', '87592');
insert into customer (customer_id, first_name, middle_name, last_name, date_of_birth, phone_num, email_address, password, apt_number, street, city, state, pincode) values (96, 'Ichabod', null, 'Summerside', '2013-01-12', '+1 704 369 5061', 'isummerside2n@slideshare.net', '7vqAYKE', 33, '97', 'Charlotte', 'North Carolina', '28272');
insert into customer (customer_id, first_name, middle_name, last_name, date_of_birth, phone_num, email_address, password, apt_number, street, city, state, pincode) values (97, 'Nikolaus', null, 'Poole', '2009-08-27', '+1 337 499 7052', 'npoole2o@wufoo.com', 'qpaqidvC7B', 90, '8', 'Lake Charles', 'Louisiana', '70607');
insert into customer (customer_id, first_name, middle_name, last_name, date_of_birth, phone_num, email_address, password, apt_number, street, city, state, pincode) values (98, 'Alvinia', null, null, '2015-08-11', '+1 815 311 2312', 'ahammand2p@altervista.org', 'Q6ckiyZe3qk', 41, '06', 'Rockford', 'Illinois', '61110');
insert into customer (customer_id, first_name, middle_name, last_name, date_of_birth, phone_num, email_address, password, apt_number, street, city, state, pincode) values (99, 'Brianne', 'Budgett', 'Phalp', '1989-05-16', '+1 518 232 7266', 'bphalp2q@economist.com', 'q0BfGk', 48, '480', 'Albany', 'New York', '12237');
insert into customer (customer_id, first_name, middle_name, last_name, date_of_birth, phone_num, email_address, password, apt_number, street, city, state, pincode) values (100, 'Chryste', null, 'Iacobo', '1998-12-08', '+1 203 281 6736', 'ciacobo2r@tinypic.com', 'Xhju18', 21, '8', 'Waterbury', 'Connecticut', '06721');



-- selller database
insert into Seller (seller_id, name, phone_num, email_address, password, apt_number, street, city, state, pincode) values (1, 'Kareem', '+1 302 981 5369', 'khamelyn0@opensource.org', '8YvAQY1zih', 26, 'Clarendon', 'Wilmington', 'Delaware', '19886');
insert into Seller (seller_id, name, phone_num, email_address, password, apt_number, street, city, state, pincode) values (2, 'Hillel', '+1 801 654 6586', 'hpenhaleurack1@bigcartel.com', 'ZtB49h7k', 12, 'Sundown', 'Salt Lake City', 'Utah', '84135');
insert into Seller (seller_id, name, phone_num, email_address, password, apt_number, street, city, state, pincode) values (3, 'Forester', '+1 510 677 7568', 'fossenna2@digg.com', 'ipVxJrK', 14, 'Hayes', 'Oakland', 'California', '94611');
insert into Seller (seller_id, name, phone_num, email_address, password, apt_number, street, city, state, pincode) values (4, 'Evaleen', '+1 412 449 7214', 'efigiovanni3@google.pl', 'w0oAdWhp', 18, 'Glacier Hill', 'Pittsburgh', 'Pennsylvania', '15240');
insert into Seller (seller_id, name, phone_num, email_address, password, apt_number, street, city, state, pincode) values (5, 'Leonerd', '+1 713 254 9887', 'laronsohn4@gizmodo.com', 'OGNd1MzE2OLU', 4, 'Vernon', 'Houston', 'Texas', '77255');
insert into Seller (seller_id, name, phone_num, email_address, password, apt_number, street, city, state, pincode) values (6, 'Glori', '+1 256 888 1299', 'guppett5@diigo.com', '3F1VTBW5uQ9', 25, 'Crest Line', 'Huntsville', 'Alabama', '35805');
insert into Seller (seller_id, name, phone_num, email_address, password, apt_number, street, city, state, pincode) values (7, 'Kerrill', '+1 912 328 3404', 'kshoosmith6@xrea.com', 'GmUvt6XVfaf', 13, 'Dovetail', 'Macon', 'Georgia', '31217');
insert into Seller (seller_id, name, phone_num, email_address, password, apt_number, street, city, state, pincode) values (8, 'Luelle', '+1 336 118 2561', 'lwoolvin7@ucoz.com', '9cXja9D', 9, 'Holy Cross', 'Winston Salem', 'North Carolina', '27157');
insert into Seller (seller_id, name, phone_num, email_address, password, apt_number, street, city, state, pincode) values (9, 'Bekki', '+1 248 348 1104', 'broot8@jugem.jp', 'FPs9ZBabV', 23, 'Novick', 'Farmington', 'Michigan', '48335');
insert into Seller (seller_id, name, phone_num, email_address, password, apt_number, street, city, state, pincode) values (10, 'Timothee', '+1 732 148 4872', 'tandreoletti9@fotki.com', 'yCPctkt', 25, 'Pleasure', 'New Brunswick', 'New Jersey', '08922');
insert into Seller (seller_id, name, phone_num, email_address, password, apt_number, street, city, state, pincode) values (11, 'Emyle', '+1 937 572 4294', 'ethysa@dyndns.org', 'OgaKm9', 22, 'Spenser', 'Dayton', 'Ohio', '45419');
insert into Seller (seller_id, name, phone_num, email_address, password, apt_number, street, city, state, pincode) values (12, 'Stefanie', '+1 770 352 7767', 'smacdwyerb@redcross.org', 'ZL797BC7', 11, 'Calypso', 'Lawrenceville', 'Georgia', '30045');
insert into Seller (seller_id, name, phone_num, email_address, password, apt_number, street, city, state, pincode) values (13, 'Gerek', '+1 843 815 3701', 'gblacksterc@nhs.uk', 'WSAqai', 30, 'Ohio', 'Charleston', 'South Carolina', '29424');
insert into Seller (seller_id, name, phone_num, email_address, password, apt_number, street, city, state, pincode) values (14, 'Tera', '+1 865 939 2337', 'tpiotrkowskid@bravesites.com', 't5I5IXdAT', 17, 'Dottie', 'Knoxville', 'Tennessee', '37919');
insert into Seller (seller_id, name, phone_num, email_address, password, apt_number, street, city, state, pincode) values (15, 'Jewelle', '+1 432 322 0876', 'jmaletratte@vkontakte.ru', 'stXt5wIP8', 6, 'East', 'Odessa', 'Texas', '79769');
insert into Seller (seller_id, name, phone_num, email_address, password, apt_number, street, city, state, pincode) values (16, 'Suzanna', '+1 260 910 0903', 'schungf@themeforest.net', 'sx1v3tOOn9', 9, 'Michigan', 'Fort Wayne', 'Indiana', '46852');
insert into Seller (seller_id, name, phone_num, email_address, password, apt_number, street, city, state, pincode) values (17, 'Janet', '+1 901 530 8045', 'jcanadasg@answers.com', '9DQt0Ap', 11, 'Dawn', 'Memphis', 'Tennessee', '38136');
insert into Seller (seller_id, name, phone_num, email_address, password, apt_number, street, city, state, pincode) values (18, 'Germaine', '+1 212 526 9802', 'gdobbinsh@theatlantic.com', 'Ac4Htbo', 3, 'Jana', 'New York City', 'New York', '10131');
insert into Seller (seller_id, name, phone_num, email_address, password, apt_number, street, city, state, pincode) values (19, 'Ettore', '+1 913 184 8495', 'eclaworthi@aboutads.info', 'COCyBSvXafRa', 18, 'Spaight', 'Shawnee Mission', 'Kansas', '66205');
insert into Seller (seller_id, name, phone_num, email_address, password, apt_number, street, city, state, pincode) values (20, 'Nan', '+1 402 230 6682', 'ncabblej@nature.com', 'fopsg4WhJaso', 26, 'Grasskamp', 'Lincoln', 'Nebraska', '68531');
insert into Seller (seller_id, name, phone_num, email_address, password, apt_number, street, city, state, pincode) values (21, 'Esmeralda', '+1 608 131 6704', 'ehinkesk@umn.edu', 'BY4NQnyQ3y', 3, 'Maple Wood', 'Madison', 'Wisconsin', '53705');
insert into Seller (seller_id, name, phone_num, email_address, password, apt_number, street, city, state, pincode) values (22, 'Klarrisa', '+1 202 337 6602', 'kderrickl@51.la', 'hSTSEKuRuk', 7, 'American Ash', 'Washington', 'District of Columbia', '20078');
insert into Seller (seller_id, name, phone_num, email_address, password, apt_number, street, city, state, pincode) values (23, 'Ricky', '+1 202 768 3357', 'rchallengerm@dot.gov', '4p0Nu7Y', 19, 'Bartillon', 'Washington', 'District of Columbia', '20029');
insert into Seller (seller_id, name, phone_num, email_address, password, apt_number, street, city, state, pincode) values (24, 'Sigvard', '+1 512 753 1576', 'slemaitren@ucsd.edu', 'wgd1mswD', 22, 'Maple', 'Austin', 'Texas', '78778');
insert into Seller (seller_id, name, phone_num, email_address, password, apt_number, street, city, state, pincode) values (25, 'Belinda', '+1 248 532 6493', 'bbarnsdaleo@washingtonpost.com', 'raLVsjHn1', 26, 'Northview', 'Detroit', 'Michigan', '48242');
insert into Seller (seller_id, name, phone_num, email_address, password, apt_number, street, city, state, pincode) values (26, 'Muffin', '+1 608 804 1963', 'membertonp@ebay.co.uk', 'tvk8eY', 19, 'Pond', 'Madison', 'Wisconsin', '53710');
insert into Seller (seller_id, name, phone_num, email_address, password, apt_number, street, city, state, pincode) values (27, 'Corrine', '+1 402 197 4157', 'cdouthwaiteq@tumblr.com', 'mkcv0TLx3hMw', 1, 'Granby', 'Omaha', 'Nebraska', '68164');
insert into Seller (seller_id, name, phone_num, email_address, password, apt_number, street, city, state, pincode) values (28, 'Mikaela', '+1 918 950 8815', 'mgroutr@nsw.gov.au', 'xgfvGMqRT', 27, 'Continental', 'Tulsa', 'Oklahoma', '74133');
insert into Seller (seller_id, name, phone_num, email_address, password, apt_number, street, city, state, pincode) values (29, 'Vanda', '+1 602 402 0503', 'vfulbrooks@independent.co.uk', 'NWksDGOwg18f', 19, 'Di Loreto', 'Phoenix', 'Arizona', '85083');
insert into Seller (seller_id, name, phone_num, email_address, password, apt_number, street, city, state, pincode) values (30, 'Hamel', '+1 602 391 7261', 'hcarpet@weibo.com', 'OEDo4EKoerg', 11, 'Marcy', 'Phoenix', 'Arizona', '85083');
insert into Seller (seller_id, name, phone_num, email_address, password, apt_number, street, city, state, pincode) values (31, 'Gabriele', '+1 504 411 7850', 'gmccreeryu@icq.com', 'rwCkQUjh', 13, 'Debs', 'New Orleans', 'Louisiana', '70149');
insert into Seller (seller_id, name, phone_num, email_address, password, apt_number, street, city, state, pincode) values (32, 'Fern', '+1 215 177 0345', 'fkeeriv@time.com', 'BMccnCouXmO', 2, 'Transport', 'Philadelphia', 'Pennsylvania', '19141');
insert into Seller (seller_id, name, phone_num, email_address, password, apt_number, street, city, state, pincode) values (33, 'Ruddie', '+1 503 260 0525', 'rsurgenorw@prweb.com', 'bnlrO3qdUat', 10, 'Graceland', 'Portland', 'Oregon', '97232');
insert into Seller (seller_id, name, phone_num, email_address, password, apt_number, street, city, state, pincode) values (34, 'Agustin', '+1 281 173 8808', 'aellesx@w3.org', 'BxJQXTHlIQW', 24, 'Northview', 'Houston', 'Texas', '77055');
insert into Seller (seller_id, name, phone_num, email_address, password, apt_number, street, city, state, pincode) values (35, 'Verney', '+1 702 106 6879', 'vmatiebey@umn.edu', 'E1DjPGR5JO', 5, 'Porter', 'Las Vegas', 'Nevada', '89150');
insert into Seller (seller_id, name, phone_num, email_address, password, apt_number, street, city, state, pincode) values (36, 'Viva', '+1 407 163 2228', 'vmincherz@blogspot.com', 'QqBXHd', 2, 'Oak', 'Winter Haven', 'Florida', '33884');
insert into Seller (seller_id, name, phone_num, email_address, password, apt_number, street, city, state, pincode) values (37, 'Cordelia', '+1 512 130 5958', 'cervine10@hostgator.com', 'TXl5TSdgdGd', 15, 'Kim', 'Austin', 'Texas', '78732');
insert into Seller (seller_id, name, phone_num, email_address, password, apt_number, street, city, state, pincode) values (38, 'Elaina', '+1 208 826 8736', 'ebalthasar11@time.com', 'Rdvezp', 28, 'Milwaukee', 'Boise', 'Idaho', '83757');
insert into Seller (seller_id, name, phone_num, email_address, password, apt_number, street, city, state, pincode) values (39, 'Maurizia', '+1 786 111 6662', 'mtrask12@ebay.com', 'w6kmxZ', 14, 'Mayer', 'Miami', 'Florida', '33158');
insert into Seller (seller_id, name, phone_num, email_address, password, apt_number, street, city, state, pincode) values (40, 'Xavier', '+1 763 267 6090', 'xvescovini13@japanpost.jp', 'aQyuJFopueH', 30, 'Erie', 'Loretto', 'Minnesota', '55598');
insert into Seller (seller_id, name, phone_num, email_address, password, apt_number, street, city, state, pincode) values (41, 'Gradeigh', '+1 949 830 5858', 'gconring14@state.gov', 'nbiIGJOv', 13, 'Forest Run', 'Irvine', 'California', '92612');
insert into Seller (seller_id, name, phone_num, email_address, password, apt_number, street, city, state, pincode) values (42, 'Aurore', '+1 720 114 2013', 'aantonopoulos15@skype.com', 'BfHX2QIsVVwD', 27, 'Cascade', 'Denver', 'Colorado', '80209');
insert into Seller (seller_id, name, phone_num, email_address, password, apt_number, street, city, state, pincode) values (43, 'Desmund', '+1 281 503 4811', 'dgrzesiak16@accuweather.com', 'wfsygMy', 6, 'Hoepker', 'Spring', 'Texas', '77388');
insert into Seller (seller_id, name, phone_num, email_address, password, apt_number, street, city, state, pincode) values (44, 'Katie', '+1 915 574 1394', 'kcamden17@usnews.com', 'VUFy7FuSCOfS', 10, 'Moose', 'El Paso', 'Texas', '79940');
insert into Seller (seller_id, name, phone_num, email_address, password, apt_number, street, city, state, pincode) values (45, 'Daffy', '+1 571 653 9265', 'dswigg18@noaa.gov', 'GVqytJR4', 27, 'Anhalt', 'Alexandria', 'Virginia', '22333');
insert into Seller (seller_id, name, phone_num, email_address, password, apt_number, street, city, state, pincode) values (46, 'Alfred', '+1 412 924 9241', 'afoffano19@ucoz.com', 'PyiYcP2', 30, 'Clove', 'Pittsburgh', 'Pennsylvania', '15261');
insert into Seller (seller_id, name, phone_num, email_address, password, apt_number, street, city, state, pincode) values (47, 'Joseph', '+1 559 370 2906', 'jdallaway1a@histats.com', 'zXMxevsJzmb2', 18, '3rd', 'Fresno', 'California', '93773');
insert into Seller (seller_id, name, phone_num, email_address, password, apt_number, street, city, state, pincode) values (48, 'Ferd', '+1 808 586 8383', 'fwilshaw1b@deviantart.com', 'ts8TQ3', 13, 'Main', 'Honolulu', 'Hawaii', '96825');
insert into Seller (seller_id, name, phone_num, email_address, password, apt_number, street, city, state, pincode) values (49, 'Armin', '+1 602 823 3354', 'aduffan1c@multiply.com', 'ZgU2lzn', 6, 'Briar Crest', 'Phoenix', 'Arizona', '85045');
insert into Seller (seller_id, name, phone_num, email_address, password, apt_number, street, city, state, pincode) values (50, 'Yolane', '+1 561 438 3051', 'yburges1d@goo.gl', 'fPY9QzVIEBz', 15, 'Park Meadow', 'Boca Raton', 'Florida', '33499');
insert into Seller (seller_id, name, phone_num, email_address, password, apt_number, street, city, state, pincode) values (51, 'Kathlin', '+1 617 864 3144', 'kpenna1e@icq.com', 'fjDCKkP9d', 15, 'Hovde', 'Boston', 'Massachusetts', '02283');
insert into Seller (seller_id, name, phone_num, email_address, password, apt_number, street, city, state, pincode) values (52, 'Marchelle', '+1 314 465 6613', 'mmaddin1f@stumbleupon.com', 'v55mG4', 26, 'Dakota', 'Saint Louis', 'Missouri', '63104');
insert into Seller (seller_id, name, phone_num, email_address, password, apt_number, street, city, state, pincode) values (53, 'Hale', '+1 915 337 8427', 'hmerlin1g@tinyurl.com', 'b4bGLjtFOT', 11, 'Mayfield', 'El Paso', 'Texas', '79999');
insert into Seller (seller_id, name, phone_num, email_address, password, apt_number, street, city, state, pincode) values (54, 'Kira', '+1 404 475 7153', 'kkrolman1h@t.co', 'kQL40yEIN7rR', 2, 'Schmedeman', 'Atlanta', 'Georgia', '31132');
insert into Seller (seller_id, name, phone_num, email_address, password, apt_number, street, city, state, pincode) values (55, 'Jillene', '+1 254 952 3552', 'jcrafts1i@guardian.co.uk', 'DdH2tmAK7zbz', 21, 'Gina', 'Waco', 'Texas', '76705');
insert into Seller (seller_id, name, phone_num, email_address, password, apt_number, street, city, state, pincode) values (56, 'Marleen', '+1 603 818 7241', 'mfulkes1j@godaddy.com', 'GCSHgvoKSoS', 21, 'Knutson', 'Manchester', 'New Hampshire', '03105');
insert into Seller (seller_id, name, phone_num, email_address, password, apt_number, street, city, state, pincode) values (57, 'Cece', '+1 412 112 5870', 'cstrutz1k@boston.com', 'FL9uYjzMjZm', 22, 'Maple', 'Pittsburgh', 'Pennsylvania', '15286');
insert into Seller (seller_id, name, phone_num, email_address, password, apt_number, street, city, state, pincode) values (58, 'Gwenny', '+1 336 954 9135', 'gkinch1l@google.nl', 'acKXbq', 20, 'Springs', 'Winston Salem', 'North Carolina', '27116');
insert into Seller (seller_id, name, phone_num, email_address, password, apt_number, street, city, state, pincode) values (59, 'Thibaud', '+1 754 503 4648', 'tlerway1m@live.com', 'EgW4b8EQ', 7, 'Amoth', 'Pompano Beach', 'Florida', '33075');
insert into Seller (seller_id, name, phone_num, email_address, password, apt_number, street, city, state, pincode) values (60, 'Glynn', '+1 314 364 7854', 'ggosdin1n@timesonline.co.uk', 'FZoez2W', 19, 'Debra', 'Saint Louis', 'Missouri', '63196');
insert into Seller (seller_id, name, phone_num, email_address, password, apt_number, street, city, state, pincode) values (61, 'Elfreda', '+1 601 612 1781', 'ejepperson1o@rambler.ru', 'HqXiqluxXQQ4', 30, 'Lerdahl', 'Jackson', 'Mississippi', '39296');
insert into Seller (seller_id, name, phone_num, email_address, password, apt_number, street, city, state, pincode) values (62, 'Arleyne', '+1 202 237 3306', 'acumberland1p@omniture.com', 'AGG8CW', 21, 'Sommers', 'Washington', 'District of Columbia', '20073');
insert into Seller (seller_id, name, phone_num, email_address, password, apt_number, street, city, state, pincode) values (63, 'Guss', '+1 901 818 8761', 'gdymidowicz1q@chron.com', 'ZK3EQ1yBc', 7, 'Anhalt', 'Memphis', 'Tennessee', '38197');
insert into Seller (seller_id, name, phone_num, email_address, password, apt_number, street, city, state, pincode) values (64, 'Grata', '+1 757 332 9423', 'gfist1r@drupal.org', 'eBPUv3KI', 20, 'Kinsman', 'Newport News', 'Virginia', '23605');
insert into Seller (seller_id, name, phone_num, email_address, password, apt_number, street, city, state, pincode) values (65, 'Dunc', '+1 509 445 6500', 'ddionisetto1s@jigsy.com', 'X4m8oG', 2, 'Loftsgordon', 'Spokane', 'Washington', '99215');
insert into Seller (seller_id, name, phone_num, email_address, password, apt_number, street, city, state, pincode) values (66, 'Loise', '+1 858 823 6696', 'lcutress1t@umich.edu', 'bxWQp5df', 28, 'Mayfield', 'San Diego', 'California', '92121');
insert into Seller (seller_id, name, phone_num, email_address, password, apt_number, street, city, state, pincode) values (67, 'Larina', '+1 214 946 2411', 'lzorer1u@seesaa.net', 'zMVWlTLPZU', 10, 'Delladonna', 'Dallas', 'Texas', '75372');
insert into Seller (seller_id, name, phone_num, email_address, password, apt_number, street, city, state, pincode) values (68, 'Maryellen', '+1 305 233 9093', 'mfassam1v@i2i.jp', 'NnCg0ZWU4AoT', 24, 'Memorial', 'Miami Beach', 'Florida', '33141');
insert into Seller (seller_id, name, phone_num, email_address, password, apt_number, street, city, state, pincode) values (69, 'Carlita', '+1 414 449 8152', 'cbramall1w@nsw.gov.au', 'Uzv7gL', 24, 'Crowley', 'Milwaukee', 'Wisconsin', '53220');
insert into Seller (seller_id, name, phone_num, email_address, password, apt_number, street, city, state, pincode) values (70, 'Maisey', '+1 419 602 5513', 'mdarrington1x@usgs.gov', 'iPF7PPmal', 17, 'Northport', 'Mansfield', 'Ohio', '44905');
insert into Seller (seller_id, name, phone_num, email_address, password, apt_number, street, city, state, pincode) values (71, 'Hollis', '+1 205 218 8809', 'hstubbington1y@over-blog.com', 'IhJOMb4815Y', 8, 'Sunnyside', 'Birmingham', 'Alabama', '35205');
insert into Seller (seller_id, name, phone_num, email_address, password, apt_number, street, city, state, pincode) values (72, 'Maynard', '+1 813 296 6764', 'mbass1z@irs.gov', 'sEZS5O22o9E', 4, 'Meadow Vale', 'Tampa', 'Florida', '33605');
insert into Seller (seller_id, name, phone_num, email_address, password, apt_number, street, city, state, pincode) values (73, 'Lorine', '+1 812 745 3907', 'ljeayes20@indiegogo.com', 'i9HdFYhEa', 3, 'Gina', 'Evansville', 'Indiana', '47712');
insert into Seller (seller_id, name, phone_num, email_address, password, apt_number, street, city, state, pincode) values (74, 'Corella', '+1 202 590 1613', 'csoutherns21@dailymail.co.uk', 'QBg7fFRP2CV', 7, 'Monument', 'Washington', 'District of Columbia', '20310');
insert into Seller (seller_id, name, phone_num, email_address, password, apt_number, street, city, state, pincode) values (75, 'Manny', '+1 760 658 5134', 'mbrocket22@123-reg.co.uk', 'pXgSLpjw', 5, 'Jenna', 'Carlsbad', 'California', '92013');
insert into Seller (seller_id, name, phone_num, email_address, password, apt_number, street, city, state, pincode) values (76, 'Darlleen', '+1 785 857 0054', 'dendacott23@patch.com', 'n1Umru', 17, 'Welch', 'Topeka', 'Kansas', '66617');
insert into Seller (seller_id, name, phone_num, email_address, password, apt_number, street, city, state, pincode) values (77, 'Kordula', '+1 501 995 5659', 'khurdman24@unc.edu', '4oEVnVsdGJ', 1, 'Sheridan', 'Little Rock', 'Arkansas', '72231');
insert into Seller (seller_id, name, phone_num, email_address, password, apt_number, street, city, state, pincode) values (78, 'Nevin', '+1 312 468 9585', 'nvahl25@hugedomains.com', 'OD89Cb', 6, 'Kipling', 'Chicago', 'Illinois', '60669');
insert into Seller (seller_id, name, phone_num, email_address, password, apt_number, street, city, state, pincode) values (79, 'Angie', '+1 618 291 7349', 'afarquarson26@bloglines.com', 'kXkL4NjT', 21, 'Warner', 'East Saint Louis', 'Illinois', '62205');
insert into Seller (seller_id, name, phone_num, email_address, password, apt_number, street, city, state, pincode) values (80, 'Sydel', '+1 203 191 4326', 'srush27@seesaa.net', '7WjEILyy', 12, 'Pennsylvania', 'New Haven', 'Connecticut', '06505');
insert into Seller (seller_id, name, phone_num, email_address, password, apt_number, street, city, state, pincode) values (81, 'Nial', '+1 646 530 6709', 'nduddan28@amazon.co.uk', 'zsXhW9G', 25, 'Golf', 'New York City', 'New York', '10009');
insert into Seller (seller_id, name, phone_num, email_address, password, apt_number, street, city, state, pincode) values (82, 'Concordia', '+1 432 639 0048', 'cboldock29@salon.com', 'sOGdK8O', 14, 'Arizona', 'Odessa', 'Texas', '79764');
insert into Seller (seller_id, name, phone_num, email_address, password, apt_number, street, city, state, pincode) values (83, 'Gerda', '+1 214 524 4220', 'gdanihelka2a@dot.gov', 'VltZZYY', 18, 'Lake View', 'Dallas', 'Texas', '75379');
insert into Seller (seller_id, name, phone_num, email_address, password, apt_number, street, city, state, pincode) values (84, 'Emmery', '+1 941 103 1610', 'erawcliff2b@amazon.de', 'RZO5v138byg', 10, 'Veith', 'Sarasota', 'Florida', '34233');
insert into Seller (seller_id, name, phone_num, email_address, password, apt_number, street, city, state, pincode) values (85, 'Fraze', '+1 206 827 8961', 'fbottrill2c@etsy.com', 'Bzi3xRliT', 18, 'Dunning', 'Bellevue', 'Washington', '98008');
insert into Seller (seller_id, name, phone_num, email_address, password, apt_number, street, city, state, pincode) values (86, 'Westbrook', '+1 901 699 4976', 'wbiers2d@studiopress.com', 'FGUsBrhgOm', 27, 'Corry', 'Memphis', 'Tennessee', '38136');
insert into Seller (seller_id, name, phone_num, email_address, password, apt_number, street, city, state, pincode) values (87, 'Cosmo', '+1 415 592 5213', 'ccolam2e@accuweather.com', 'vY4ZxL', 20, 'Burrows', 'San Rafael', 'California', '94913');
insert into Seller (seller_id, name, phone_num, email_address, password, apt_number, street, city, state, pincode) values (88, 'Birch', '+1 415 245 8580', 'bzylbermann2f@tuttocitta.it', 'kTjHGwj40DU', 30, 'Harbort', 'San Francisco', 'California', '94177');
insert into Seller (seller_id, name, phone_num, email_address, password, apt_number, street, city, state, pincode) values (89, 'Lulita', '+1 202 438 5895', 'ldurrance2g@over-blog.com', '69XZ4z4', 8, 'Sugar', 'Washington', 'District of Columbia', '20036');
insert into Seller (seller_id, name, phone_num, email_address, password, apt_number, street, city, state, pincode) values (90, 'Francois', '+1 602 975 4679', 'fcazin2h@cbsnews.com', 'jIcgaXbeWBVI', 20, 'Lunder', 'Phoenix', 'Arizona', '85040');
insert into Seller (seller_id, name, phone_num, email_address, password, apt_number, street, city, state, pincode) values (91, 'Corinna', '+1 404 918 4150', 'cbrainsby2i@xrea.com', 'YVNoefK5fm', 10, 'Cherokee', 'Norcross', 'Georgia', '30092');
insert into Seller (seller_id, name, phone_num, email_address, password, apt_number, street, city, state, pincode) values (92, 'Culver', '+1 305 415 6204', 'cmarsie2j@cdbaby.com', 'PEyVjB', 27, 'Fuller', 'Boca Raton', 'Florida', '33487');
insert into Seller (seller_id, name, phone_num, email_address, password, apt_number, street, city, state, pincode) values (93, 'Leonanie', '+1 850 885 7016', 'lcastan2k@icio.us', 'HhJ2dDiDG', 8, 'Nancy', 'Pensacola', 'Florida', '32590');
insert into Seller (seller_id, name, phone_num, email_address, password, apt_number, street, city, state, pincode) values (94, 'Budd', '+1 714 131 8851', 'bhuggens2l@w3.org', 'D9MvcSE6P', 27, 'Ridgeview', 'Irvine', 'California', '92717');
insert into Seller (seller_id, name, phone_num, email_address, password, apt_number, street, city, state, pincode) values (95, 'Karlotta', '+1 612 644 8202', 'kwinterton2m@japanpost.jp', 'OVbsnU8', 3, 'Morning', 'Minneapolis', 'Minnesota', '55470');
insert into Seller (seller_id, name, phone_num, email_address, password, apt_number, street, city, state, pincode) values (96, 'Bernardina', '+1 915 661 8511', 'bvenn2n@360.cn', '7oSAcC', 10, 'Hagan', 'El Paso', 'Texas', '88589');
insert into Seller (seller_id, name, phone_num, email_address, password, apt_number, street, city, state, pincode) values (97, 'Janel', '+1 803 703 4729', 'jteck2o@shareasale.com', 'LbEj78P9lG', 7, 'Stephen', 'Columbia', 'South Carolina', '29240');
insert into Seller (seller_id, name, phone_num, email_address, password, apt_number, street, city, state, pincode) values (98, 'Lorant', '+1 801 452 5369', 'lhutchings2p@guardian.co.uk', 'uFIGiLqKuZO', 7, 'Loftsgordon', 'Salt Lake City', 'Utah', '84140');
insert into Seller (seller_id, name, phone_num, email_address, password, apt_number, street, city, state, pincode) values (99, 'Randoz', '+1 919 158 2122', 'rocrowley2q@canalblog.com', 'kMzf1fCiXCdl', 25, 'Sutteridge', 'Raleigh', 'North Carolina', '27626');
insert into Seller (seller_id, name, phone_num, email_address, password, apt_number, street, city, state, pincode) values (100, 'Dallas', '+1 213 140 7804', 'dphalp2r@netvibes.com', 'kdedRTp', 2, 'Dovetail', 'Los Angeles', 'California', '90071');

-- category database

insert into category (category_id, name) values (1, 'Fruits');
insert into category (category_id, name) values (2, 'Vegetables');
insert into category (category_id, name) values (3, 'Bakery and Bread');
insert into category (category_id, name) values (4, 'Dry Fruits, Oils and Spices');
insert into category (category_id, name) values (5, 'Dairy and Eggs');
insert into category (category_id, name) values (6, 'Instant Food');
insert into category (category_id, name) values (7, 'Chocolates and Dessert');
insert into category (category_id, name) values (8, 'Snacks');
insert into category (category_id, name) values (9, 'Beverages');
insert into category (category_id, name) values (10, 'Cereals and Breakfast');
insert into category (category_id, name) values (11, 'Frozen Food');
insert into category (category_id, name) values (12, 'Health and Beauty');
insert into category (category_id, name) values (13, 'Biscuits');
insert into category (category_id, name) values (14, 'Personal Care and Hygiene');
insert into category (category_id, name) values (15, 'Cleaning and Household');
insert into category (category_id, name) values (16, 'Baby and Child Care');
insert into category (category_id, name) values (17, 'Pet Care');
insert into category (category_id, name) values (18, 'Organic Food');
insert into category (category_id, name) values (19, 'Gourmet Products');
insert into category (category_id, name) values (20, 'Wine and Spirits');
insert into category (category_id, name) values (21, 'Sports and Energy Drinks');
insert into category (category_id, name) values (22, 'Rice, Wheat, Grains');
insert into category (category_id, name) values (23, 'Imported Products');
insert into category (category_id, name) values (24, 'Gluten Free Items');
insert into category (category_id, name) values (25, 'Stationery');

-- product databse
insert into Product (product_id, name, price, quantity, rating, description, seller_id, category_id) values (1, 'Apple', 0.99, 100, 4, 'Red and juicy apples', 1, 1);
insert into Product (product_id, name, price, quantity, rating, description, seller_id, category_id) values (2, 'Banana', 0.49, 200, 4, 'Yellow and sweet bananas', 2, 1);
insert into Product (product_id, name, price, quantity, rating, description, seller_id, category_id) values (3, 'Carrot', 0.79, 50, 4, 'Orange and crunchy carrots', 3, 2);
insert into Product (product_id, name, price, quantity, rating, description, seller_id, category_id) values (4, 'Tomato', 0.69, 150, 4, 'Red and juicy tomatoes', 4, 2);
insert into Product (product_id, name, price, quantity, rating, description, seller_id, category_id) values (5, 'Baguette', 1.99, 80, 4, 'Freshly baked baguette', 5, 3);
insert into Product (product_id, name, price, quantity, rating, description, seller_id, category_id) values (6, 'Croissant', 2.49, 50, 4, 'Flaky and buttery croissant', 6, 3);
insert into Product (product_id, name, price, quantity, rating, description, seller_id, category_id) values (7, 'Almonds', 9.99, 40, 4, 'Roasted and salted almonds', 7, 4);
insert into Product (product_id, name, price, quantity, rating, description, seller_id, category_id) values (8, 'Cumin Seeds', 4.99, 30, 4, 'High quality cumin seeds', 8, 4);
insert into Product (product_id, name, price, quantity, rating, description, seller_id, category_id) values (9, 'Milk', 3.99, 200, 4, 'Fresh and creamy milk', 9, 5);
insert into Product (product_id, name, price, quantity, rating, description, seller_id, category_id) values (10, 'Eggs', 1.99, 300, 4, 'Fresh and large eggs', 10, 5);
insert into Product (product_id, name, price, quantity, rating, description, seller_id, category_id) values (11, 'Instant Noodles', 1.99, 200, 2, 'Delicious and easy to cook instant noodles', 11, 6);
insert into Product (product_id, name, price, quantity, rating, description, seller_id, category_id) values (12, 'Instant Rice', 2.99, 150, 3, 'Quick and easy to cook instant rice', 12, 6);
insert into Product (product_id, name, price, quantity, rating, description, seller_id, category_id) values (13, 'Chocolate Chip Cookies', 2.99, 50, 4, 'Soft and chewy chocolate chip cookies, made with high-quality ingredients', 1, 3);
insert into Product (product_id, name, price, quantity, rating, description, seller_id, category_id) values (14, 'Almond Biscuits', 1.99, 75, 4, 'Crunchy biscuits made with almonds and a touch of honey', 1, 13);
insert into Product (product_id, name, price, quantity, rating, description, seller_id, category_id) values (15, 'Handwash', 3.49, 25, 4, 'Antibacterial hand wash with a refreshing fragrance', 2, 14);
insert into Product (product_id, name, price, quantity, rating, description, seller_id, category_id) values (16, 'Toothpaste', 2.99, 30, 4, 'Fluoride-based toothpaste that helps fight cavities and freshens breath', 2, 14);
insert into Product (product_id, name, price, quantity, rating, description, seller_id, category_id) values (17, 'All-Purpose Cleaner', 4.99, 20, 3, 'A powerful cleaning solution that removes dirt and grime from all surfaces', 2, 15);
insert into Product (product_id, name, price, quantity, rating, description, seller_id, category_id) values (18, 'Diapers', 8.99, 50, 3, 'Comfortable and absorbent diapers for babies of all sizes', 3, 16);
insert into Product (product_id, name, price, quantity, rating, description, seller_id, category_id) values (19, 'Pet Food', 9.99, 40, 1, 'Premium quality dog food made with natural ingredients', 3, 17);
insert into Product (product_id, name, price, quantity, rating, description, seller_id, category_id) values (20, 'Organic Rice', 5.99, 20, 2, 'Organically grown long grain rice, free from pesticides and chemicals', 3, 18);
insert into Product (product_id, name, price, quantity, rating, description, seller_id, category_id) values (21, 'Gourmet Cheese', 12.99, 30, 4, 'A selection of premium cheeses from around the world', 4, 19);
insert into Product (product_id, name, price, quantity, rating, description, seller_id, category_id) values (22, 'Red Wine', 14.99, 15, 4, 'A full-bodied red wine with hints of dark fruit and oak', 4, 20);
insert into Product (product_id, name, price, quantity, rating, description, seller_id, category_id) values (23, 'Sports Drink', 2.99, 50, 3, 'A hydrating sports drink with electrolytes to help replenish lost fluids', 5, 21);
insert into Product (product_id, name, price, quantity, rating, description, seller_id, category_id) values (24, 'Basmati Rice', 4.99, 25, 4, 'Long grain basmati rice with a fluffy texture and mild flavor', 5, 22);
insert into product (product_id, name, price, quantity, rating, description, seller_id, category_id) values (25, 'Gluten-Free Biscuits', 5.99, 50, 4, 'Delicious gluten-free biscuits made with natural ingredients', 2, 24);
insert into Product (product_id, name, price, quantity, rating, description, seller_id, category_id) values (26, 'Apple Juice', 4.99, 50, 4, 'A delicious and refreshing drink made from fresh apples', 1, 9);
insert into Product (product_id, name, price, quantity, rating, description, seller_id, category_id) values (27, 'Organic Whole Wheat Bread', 3.99, 30, 5, 'A healthy and nutritious loaf of bread made from organic whole wheat', 2, 3);
insert into Product (product_id, name, price, quantity, rating, description, seller_id, category_id) values (28, 'Roasted Almonds', 9.99, 40, 4, 'Crunchy and delicious roasted almonds, perfect for snacking or adding to recipes', 3, 4);
insert into Product (product_id, name, price, quantity, rating, description, seller_id, category_id) values (29, 'Organic Greek Yogurt', 2.99, 70, 4, 'A creamy and tangy yogurt made from organic milk', 4, 5);
insert into Product (product_id, name, price, quantity, rating, description, seller_id, category_id) values (30, 'Stapler', 4.99, 20, 4, 'A sturdy and reliable stapler for all your paper-related needs', 5, 25);
insert into product (product_id, name, price, quantity, rating, description, seller_id, category_id) values (31, 'Organic Apples', 2.99, 100, 5, 'Fresh organic apples, perfect for a healthy snack', 4, 1);
insert into product (product_id, name, price, quantity, rating, description, seller_id, category_id) values (32, 'Organic Carrots', 1.99, 80, 2, 'Fresh organic carrots, great for cooking and eating', 3, 2);
insert into product (product_id, name, price, quantity, rating, description, seller_id, category_id) values (33, 'Organic Whole Wheat Bread', 4.99, 40, 4, 'Organic whole wheat bread, perfect for a healthy breakfast', 1, 3);
insert into product (product_id, name, price, quantity, rating, description, seller_id, category_id) values (34, 'Organic Almonds', 9.99, 30, 4, 'Organic almonds, a great source of protein and healthy fats', 2, 4);
insert into product (product_id, name, price, quantity, rating, description, seller_id, category_id) values (35, 'Organic Milk', 4.99, 50, 5, 'Organic milk, perfect for coffee or cereal', 5, 5);
insert into product (product_id, name, price, quantity, rating, description, seller_id, category_id) values (36, 'Organic Chicken Eggs', 3.99, 60, 5, 'Organic chicken eggs, perfect for breakfast', 4, 5);
insert into product (product_id, name, price, quantity, rating, description, seller_id, category_id) values (37, 'Organic Instant Noodles', 2.99, 70, 4, 'Organic instant noodles, perfect for a quick and easy meal', 3, 6);
insert into product (product_id, name, price, quantity, rating, description, seller_id, category_id) values (38, 'Organic Dark Chocolate', 7.99, 40, 5, 'Organic dark chocolate, perfect for a healthy dessert', 2, 7);
insert into product (product_id, name, price, quantity, rating, description, seller_id, category_id) values (39, 'Organic Chips', 3.99, 60, 1, 'Organic chips, perfect for a healthy snack', 1, 8);
insert into product (product_id, name, price, quantity, rating, description, seller_id, category_id) values (40, 'Organic Green Tea', 6.99, 50, 5, 'Organic green tea, perfect for a healthy and refreshing drink', 4, 9);
insert into Product (product_id, name, price, quantity, rating, description, seller_id, category_id) values (41, 'Organic Almonds', 8.99, 50, 4, 'Organically grown almonds from California', 3, 18);
insert into Product (product_id, name, price, quantity, rating, description, seller_id, category_id) values (42, 'Organic Cashews', 11.99, 40, 5, 'Organically grown cashews from India', 4, 18);
insert into Product (product_id, name, price, quantity, rating, description, seller_id, category_id) values (43, 'Organic Walnuts', 9.99, 35, 4, 'Organically grown walnuts from Washington', 2, 18);
insert into Product (product_id, name, price, quantity, rating, description, seller_id, category_id) values (44, 'Organic Pecans', 12.99, 45, 1, 'Organically grown pecans from Georgia', 5, 18);
insert into Product (product_id, name, price, quantity, rating, description, seller_id, category_id) values (45, 'Organic Macadamia Nuts', 14.99, 30, 2, 'Organically grown macadamia nuts from Hawaii', 6, 18);
insert into Product (product_id, name, price, quantity, rating, description, seller_id, category_id) values (46, 'Organic Hazelnuts', 11.99, 40, 5, 'Organically grown hazelnuts from Oregon', 7, 18);
insert into Product (product_id, name, price, quantity, rating, description, seller_id, category_id) values (47, 'Organic Pistachios', 8.99, 50, 3, 'Organically grown pistachios from California', 8, 18);
insert into Product (product_id, name, price, quantity, rating, description, seller_id, category_id) values (48, 'Organic Peanuts', 7.99, 60, 4, 'Organically grown peanuts from Texas', 9, 18);
insert into Product (product_id, name, price, quantity, rating, description, seller_id, category_id) values (49, 'Organic Brazil Nuts', 9.99, 55, 5, 'Organically grown brazil nuts from Brazil', 10, 18);
insert into Product (product_id, name, price, quantity, rating, description, seller_id, category_id) values (50, 'Organic Pine Nuts', 12.99, 45, 4, 'Organically grown pine nuts from China', 11, 18);
insert into Product (product_id, name, price, quantity, rating, description, seller_id, category_id) values (51, 'Organic Almonds', 10.99, 50, 3, 'Organic almonds grown without any chemical pesticides', 4, 18);
insert into Product (product_id, name, price, quantity, rating, description, seller_id, category_id) values (52, 'Organic Cashews', 12.99, 40, 2, 'Organic cashews grown without any chemical pesticides', 4, 18);
insert into Product (product_id, name, price, quantity, rating, description, seller_id, category_id) values (53, 'Organic Raisins', 8.99, 60, 4, 'Organic raisins grown without any chemical pesticides', 4, 18);
insert into Product (product_id, name, price, quantity, rating, description, seller_id, category_id) values (54, 'Organic Walnuts', 11.99, 35, 4, 'Organic walnuts grown without any chemical pesticides', 4, 18);
insert into Product (product_id, name, price, quantity, rating, description, seller_id, category_id) values (55, 'Organic Peanut Butter', 6.99, 30, 4, 'Organic peanut butter made with organic peanuts', 4, 18);
insert into Product (product_id, name, price, quantity, rating, description, seller_id, category_id) values (56, 'Organic Quinoa', 7.99, 40, 4, 'Organic quinoa grown without any chemical pesticides', 4, 18);
insert into Product (product_id, name, price, quantity, rating, description, seller_id, category_id) values (57, 'Organic Brown Rice', 5.99, 50, 4, 'Organic brown rice grown without any chemical pesticides', 4, 18);
insert into Product (product_id, name, price, quantity, rating, description, seller_id, category_id) values (58, 'Organic Oats', 4.99, 40, 4, 'Organic oats grown without any chemical pesticides', 4, 18);
insert into Product (product_id, name, price, quantity, rating, description, seller_id, category_id) values (59, 'Organic Agave Nectar', 7.99, 25, 1, 'Organic agave nectar made with organic agave syrup', 4, 18);
insert into Product (product_id, name, price, quantity, rating, description, seller_id, category_id) values (60, 'Organic Honey', 12.99, 30, 4, 'Organic honey made with organic flowers', 4, 18);
insert into Product (product_id, name, price, quantity, rating, description, seller_id, category_id) values (61, 'Apple Juice', 3.50, 20, 4, 'Made from freshly squeezed apples', 1, 9);
insert into Product (product_id, name, price, quantity, rating, description, seller_id, category_id) values (62, 'Banana Chips', 4.99, 15, 5, 'Crunchy banana chips made from ripe bananas', 2, 8);
insert into Product (product_id, name, price, quantity, rating, description, seller_id, category_id) values (63, 'Multi-Grain Bread', 3.50, 20, 4, 'Healthy multi-grain bread made from wheat, oats, and rye', 3, 3);
insert into Product (product_id, name, price, quantity, rating, description, seller_id, category_id) values (64, 'Cinnamon Powder', 5.99, 10, 4, 'High quality cinnamon powder for baking and cooking', 4, 4);
insert into Product (product_id, name, price, quantity, rating, description, seller_id, category_id) values (65, 'Organic Eggs', 4.00, 30, 5, 'Fresh organic eggs from free-range chickens', 5, 5);
insert into Product (product_id, name, price, quantity, rating, description, seller_id, category_id) values (66, 'Instant Noodles', 1.50, 50, 3, 'Quick and easy instant noodles', 6, 6);
insert into Product (product_id, name, price, quantity, rating, description, seller_id, category_id) values (67, 'Chocolate Brownies', 3.99, 20, 5, 'Delicious and rich chocolate brownies', 7, 7);
insert into Product (product_id, name, price, quantity, rating, description, seller_id, category_id) values (68, 'Potato Chips', 2.50, 30, 4, 'Crispy and salty potato chips', 8, 8);
insert into Product (product_id, name, price, quantity, rating, description, seller_id, category_id) values (69, 'Green Tea', 2.99, 25, 4, 'Refreshing and healthy green tea', 9, 9);
insert into Product (product_id, name, price, quantity, rating, description, seller_id, category_id) values (70, 'Oatmeal', 4.99, 15, 4, 'Healthy and delicious oatmeal for breakfast', 10, 10);
insert into Product (product_id, name, price, quantity, rating, description, seller_id, category_id) values (71, 'Organic Brown Rice', 6.99, 25, 4, 'Whole grain organic brown rice, gluten-free and non-GMO', 1, 18);
insert into Product (product_id, name, price, quantity, rating, description, seller_id, category_id) values (72, 'Organic Quinoa', 7.99, 20, 4, 'Organic and gluten-free quinoa, perfect for salads and stir-fry dishes', 1, 18);
insert into Product (product_id, name, price, quantity, rating, description, seller_id, category_id) values (73, 'Organic Multigrain Bread', 4.99, 30, 4, 'Organic multigrain bread made with whole wheat, barley, oats, and flaxseed', 1, 18);
insert into Product (product_id, name, price, quantity, rating, description, seller_id, category_id) values (74, 'Organic Extra Virgin Olive Oil', 12.99, 15, 4, 'Organic extra virgin olive oil made from premium quality olives', 1, 18);
insert into Product (product_id, name, price, quantity, rating, description, seller_id, category_id) values (75, 'Organic Honey', 9.99, 25, 4, 'Pure organic honey, collected from organic beehives', 1, 18);
insert into Product (product_id, name, price, quantity, rating, description, seller_id, category_id) values (76, 'Organic Almond Milk', 4.99, 20, 4, 'Organic almond milk, made from whole almonds and pure water', 1, 18);
insert into Product (product_id, name, price, quantity, rating, description, seller_id, category_id) values (77, 'Organic Yogurt', 3.99, 15, 4, 'Organic yogurt made from organic milk and probiotics', 1, 18);
insert into Product (product_id, name, price, quantity, rating, description, seller_id, category_id) values (78, 'Organic Tofu', 4.99, 20, 4, 'Organic tofu made from non-GMO soybeans', 1, 18);
insert into Product (product_id, name, price, quantity, rating, description, seller_id, category_id) values (79, 'Organic Avocado', 1.99, 25, 4, 'Organic avocados, ripe and ready to eat', 1, 18);
insert into Product (product_id, name, price, quantity, rating, description, seller_id, category_id) values (80, 'Organic Spinach', 2.99, 30, 4, 'Organic spinach, great for salads, sandwiches, and smoothies', 1, 18);
insert into Product (product_id, name, price, quantity, rating, description, seller_id, category_id) values (81, 'Organic Quinoa', 7.99, 50, 4, 'Organic quinoa is a gluten-free grain that is high in protein and contains many essential vitamins and minerals.', 1, 18);
insert into Product (product_id, name, price, quantity, rating, description, seller_id, category_id) values (82, 'Organic Avocado Oil', 12.99, 40, 5, 'Organic Avocado Oil is a healthy oil that is rich in monounsaturated fats and antioxidants, making it a great addition to your diet.', 1, 18);
insert into Product (product_id, name, price, quantity, rating, description, seller_id, category_id) values (83, 'Organic Almond Butter', 9.99, 35, 4, 'Organic Almond Butter is made from roasted almonds and has a creamy texture, making it a great spread for toast or a dip for fruit.', 1, 18);
insert into Product (product_id, name, price, quantity, rating, description, seller_id, category_id) values (84, 'Organic Chia Seeds', 6.99, 30, 1, 'Organic Chia Seeds are a superfood that are high in fiber, protein, and omega-3 fatty acids, making them a great addition to smoothies or yogurt.', 1, 18);
insert into Product (product_id, name, price, quantity, rating, description, seller_id, category_id) values (85, 'Organic Agave Nectar', 4.99, 25, 4, 'Organic Agave Nectar is a natural sweetener that is made from the sap of the agave plant and is a great alternative to traditional sugar.', 1, 18);
insert into Product (product_id, name, price, quantity, rating, description, seller_id, category_id) values (86, 'Organic Coconut Sugar', 7.99, 20, 4, 'Organic Coconut Sugar is a natural sweetener that is made from the sap of the coconut palm and has a lower glycemic index than regular sugar.', 1, 18);
insert into Product (product_id, name, price, quantity, rating, description, seller_id, category_id) values (87, 'Organic Goji Berries', 9.99, 15, 3, 'Organic Goji Berries are a superfood that are high in antioxidants and essential vitamins, making them a great snack or addition to smoothies.', 1, 18);
insert into Product (product_id, name, price, quantity, rating, description, seller_id, category_id) values (88, 'Organic Acai Powder', 12.99, 10, 4, 'Organic Acai Powder is made from the acai berry and is a great addition to smoothies or yogurt, providing many health benefits.', 1, 18);
insert into Product (product_id, name, price, quantity, rating, description, seller_id, category_id) values (89, 'Organic Maca Powder', 14.99, 5, 2, 'Organic Maca Powder is a superfood that is high in antioxidants and essential vitamins, providing many health benefits.', 1, 18);
insert into product (product_id, name, price, quantity, rating, description, seller_id, category_id) values (90, 'Organic Oats', 3.99, 50, 4, 'Organic Oats made from the finest grains. Rich in fiber and good for heart health.', 1, 18);
insert into product (product_id, name, price, quantity, rating, description, seller_id, category_id) values (91, 'Organic Walnuts', 9.99, 30, 5, 'Organic Walnuts harvested from the best orchards. Rich in Omega-3 and great for snacking.', 2, 18);
insert into product (product_id, name, price, quantity, rating, description, seller_id, category_id) values (92, 'Organic Almonds', 8.99, 40, 4, 'Organic Almonds grown without harmful pesticides. Rich in antioxidants and perfect for a healthy snack.', 3, 18);
insert into product (product_id, name, price, quantity, rating, description, seller_id, category_id) values (93, 'Organic Hazelnuts', 7.99, 35, 4, 'Organic Hazelnuts harvested from sustainable farms. Rich in vitamins and minerals, perfect for baking and cooking.', 4, 18);
insert into product (product_id, name, price, quantity, rating, description, seller_id, category_id) values (94, 'Organic Raisins', 5.99, 60, 5, 'Organic Raisins made from the sweetest grapes. Rich in iron and great for snacking and baking.', 5, 18);
insert into product (product_id, name, price, quantity, rating, description, seller_id, category_id) values (95, 'Organic Cashews', 11.99, 25, 5, 'Organic Cashews sourced from the best farms. Rich in protein and great for snacking and cooking.', 6, 18);
insert into product (product_id, name, price, quantity, rating, description, seller_id, category_id) values (96, 'Organic Peanuts', 4.99, 50, 2, 'Organic Peanuts grown without harmful pesticides. Rich in protein and great for snacking and cooking.', 7, 18);
insert into product (product_id, name, price, quantity, rating, description, seller_id, category_id) values (97, 'Organic Sunflower Seeds', 6.99, 40, 1, 'Organic Sunflower Seeds harvested from sustainable farms. Rich in vitamins and minerals, great for snacking and baking.', 8, 18);
insert into product (product_id, name, price, quantity, rating, description, seller_id, category_id) values (98, 'Organic Pumpkin Seeds', 8.99, 30, 5, 'Organic Pumpkin Seeds grown without harmful pesticides. Rich in Omega-3 and great for snacking and cooking.', 9, 18);
insert into product (product_id, name, price, quantity, rating, description, seller_id, category_id) values (99, 'Organic Sesame Seeds', 7.99, 35, 4, 'Organic Sesame Seeds harvested from the best farms. Rich in calcium and great for snacking and baking.', 10, 18);
insert into product (product_id, name, price, quantity, rating, description, seller_id, category_id) values (100, 'Organic Apples', 3.49, 50, 4, 'A pack of fresh organic apples grown without pesticides', 1, 18);

-- payment database
INSERT INTO payment (payment_id, payment_mode) VALUES (1, 'Credit Card');
INSERT INTO payment (payment_id, payment_mode) VALUES (2, 'Debit Card');
INSERT INTO payment (payment_id, payment_mode) VALUES (3, 'Net Banking');
INSERT INTO payment (payment_id, payment_mode) VALUES (4, 'Paypal');
INSERT INTO payment (payment_id, payment_mode) VALUES (5, 'Cash');
INSERT INTO payment (payment_id, payment_mode) VALUES (6, 'UPI');
INSERT INTO payment (payment_id, payment_mode) VALUES (7, 'Google Pay');
INSERT INTO payment (payment_id, payment_mode) VALUES (8, 'PhonePe');
INSERT INTO payment (payment_id, payment_mode) VALUES (9, 'Paytm');
INSERT INTO payment (payment_id, payment_mode) VALUES (10, 'BHIM');
INSERT INTO payment (payment_id, payment_mode) VALUES (11, 'Credit Card');
INSERT INTO payment (payment_id, payment_mode) VALUES (12, 'Debit Card');
INSERT INTO payment (payment_id, payment_mode) VALUES (13, 'Net Banking');
INSERT INTO payment (payment_id, payment_mode) VALUES (14, 'Paypal');
INSERT INTO payment (payment_id, payment_mode) VALUES (15, 'Cash');
INSERT INTO payment (payment_id, payment_mode) VALUES (16, 'UPI');
INSERT INTO payment (payment_id, payment_mode) VALUES (17, 'Google Pay');
INSERT INTO payment (payment_id, payment_mode) VALUES (18, 'PhonePe');
INSERT INTO payment (payment_id, payment_mode) VALUES (19, 'Paytm');
INSERT INTO payment (payment_id, payment_mode) VALUES (20, 'BHIM');
INSERT INTO payment (payment_id, payment_mode) VALUES (21, 'Credit Card');
INSERT INTO payment (payment_id, payment_mode) VALUES (22, 'Debit Card');
INSERT INTO payment (payment_id, payment_mode) VALUES (23, 'Net Banking');
INSERT INTO payment (payment_id, payment_mode) VALUES (24, 'Paypal');
INSERT INTO payment (payment_id, payment_mode) VALUES (25, 'Cash');
INSERT INTO payment (payment_id, payment_mode) VALUES (26, 'UPI');
INSERT INTO payment (payment_id, payment_mode) VALUES (27, 'Google Pay');
INSERT INTO payment (payment_id, payment_mode) VALUES (28, 'PhonePe');
INSERT INTO payment (payment_id, payment_mode) VALUES (29, 'Paytm');
INSERT INTO payment (payment_id, payment_mode) VALUES (30, 'Credit Card');
INSERT INTO payment (payment_id, payment_mode) VALUES (31, 'Debit Card');
INSERT INTO payment (payment_id, payment_mode) VALUES (32, 'Net Banking');
INSERT INTO payment (payment_id, payment_mode) VALUES (33, 'Cash');
INSERT INTO payment (payment_id, payment_mode) VALUES (34, 'PayPal');
INSERT INTO payment (payment_id, payment_mode) VALUES (35, 'Credit Card');
INSERT INTO payment (payment_id, payment_mode) VALUES (36, 'Debit Card');
INSERT INTO payment (payment_id, payment_mode) VALUES (37, 'Net Banking');
INSERT INTO payment (payment_id, payment_mode) VALUES (38, 'Cash');
INSERT INTO payment (payment_id, payment_mode) VALUES (39, 'PayPal');
INSERT INTO payment (payment_id, payment_mode) VALUES (40, 'Credit Card');
INSERT INTO payment (payment_id, payment_mode) VALUES (41, 'Debit Card');
INSERT INTO payment (payment_id, payment_mode) VALUES (42, 'Net Banking');
INSERT INTO payment (payment_id, payment_mode) VALUES (43, 'Cash');
INSERT INTO payment (payment_id, payment_mode) VALUES (44, 'PayPal');
INSERT INTO payment (payment_id, payment_mode) VALUES (45, 'Credit Card');
INSERT INTO payment (payment_id, payment_mode) VALUES (46, 'Debit Card');
INSERT INTO payment (payment_id, payment_mode) VALUES (47, 'Net Banking');
INSERT INTO payment (payment_id, payment_mode) VALUES (48, 'Cash');
INSERT INTO payment (payment_id, payment_mode) VALUES (49, 'PayPal');
INSERT INTO payment (payment_id, payment_mode) VALUES (50, 'Credit Card');
INSERT INTO payment (payment_id, payment_mode) VALUES (51, 'Debit Card');
INSERT INTO payment (payment_id, payment_mode) VALUES (52, 'Net Banking');
INSERT INTO payment (payment_id, payment_mode) VALUES (53, 'Cash');
INSERT INTO payment (payment_id, payment_mode) VALUES (54, 'PayPal');
INSERT INTO payment (payment_id, payment_mode) VALUES (55, 'Credit Card');
INSERT INTO payment (payment_id, payment_mode) VALUES (56, 'Debit Card');
INSERT INTO payment (payment_id, payment_mode) VALUES (57, 'Net Banking');
INSERT INTO payment (payment_id, payment_mode) VALUES (58, 'Cash');
INSERT INTO payment (payment_id, payment_mode) VALUES (59, 'PayPal');
INSERT INTO payment (payment_id, payment_mode) VALUES (60, 'debit card');
INSERT INTO payment (payment_id, payment_mode) VALUES (61, 'credit card');
INSERT INTO payment (payment_id, payment_mode) VALUES (62, 'online transfer');
INSERT INTO payment (payment_id, payment_mode) VALUES (63, 'wallet');
INSERT INTO payment (payment_id, payment_mode) VALUES (64, 'cash');
INSERT INTO payment (payment_id, payment_mode) VALUES (65, 'debit card');
INSERT INTO payment (payment_id, payment_mode) VALUES (66, 'credit card');
INSERT INTO payment (payment_id, payment_mode) VALUES (67, 'online transfer');
INSERT INTO payment (payment_id, payment_mode) VALUES (68, 'wallet');
INSERT INTO payment (payment_id, payment_mode) VALUES (69, 'cash');
INSERT INTO payment (payment_id, payment_mode) VALUES (70, 'debit card');
INSERT INTO payment (payment_id, payment_mode) VALUES (71, 'credit card');
INSERT INTO payment (payment_id, payment_mode) VALUES (72, 'online transfer');
INSERT INTO payment (payment_id, payment_mode) VALUES (73, 'wallet');
INSERT INTO payment (payment_id, payment_mode) VALUES (74, 'cash');
INSERT INTO payment (payment_id, payment_mode) VALUES (75, 'debit card');
INSERT INTO payment (payment_id, payment_mode) VALUES (76, 'credit card');
INSERT INTO payment (payment_id, payment_mode) VALUES (77, 'online transfer');
INSERT INTO payment (payment_id, payment_mode) VALUES (78, 'wallet');
INSERT INTO payment (payment_id, payment_mode) VALUES (79, 'cash');
INSERT INTO payment (payment_id, payment_mode) VALUES (80, 'debit card');
INSERT INTO payment (payment_id, payment_mode) VALUES (81, 'credit card');
INSERT INTO payment (payment_id, payment_mode) VALUES (82, 'online transfer');
INSERT INTO payment (payment_id, payment_mode) VALUES (83, 'wallet');
INSERT INTO payment (payment_id, payment_mode) VALUES (84, 'cash');
INSERT INTO payment (payment_id, payment_mode) VALUES (85, 'debit card');
INSERT INTO payment (payment_id, payment_mode) VALUES (86, 'credit card');
INSERT INTO payment (payment_id, payment_mode) VALUES (87, 'online transfer');
INSERT INTO payment (payment_id, payment_mode) VALUES (88, 'wallet');
INSERT INTO payment (payment_id, payment_mode) VALUES (89, 'cash');
INSERT INTO payment (payment_id, payment_mode) VALUES (90, 'debit card');
INSERT INTO payment (payment_id, payment_mode) VALUES (91, 'credit card');
INSERT INTO payment (payment_id, payment_mode) VALUES (92, 'Credit Card');
INSERT INTO payment (payment_id, payment_mode) VALUES (93, 'Debit Card');
INSERT INTO payment (payment_id, payment_mode) VALUES (94, 'Net Banking');
INSERT INTO payment (payment_id, payment_mode) VALUES (95, 'Cash');
INSERT INTO payment (payment_id, payment_mode) VALUES (96, 'PayPal');
INSERT INTO payment (payment_id, payment_mode) VALUES (97, 'Google Pay');
INSERT INTO payment (payment_id, payment_mode) VALUES (98, 'UPI');
INSERT INTO payment (payment_id, payment_mode)VALUES (99, 'Amazon Pay');
INSERT INTO payment (payment_id, payment_mode) VALUES (100, 'Apple Pay');

-- DeliveryPartner
INSERT INTO DeliveryPartner (vehicle_id, vehicle_name) VALUES ('DP001', 'Scooter');
INSERT INTO DeliveryPartner (vehicle_id, vehicle_name) VALUES ('DP002', 'Bike');
INSERT INTO DeliveryPartner (vehicle_id, vehicle_name) VALUES ('DP003', 'Bicycle');
INSERT INTO DeliveryPartner (vehicle_id, vehicle_name) VALUES ('DP004', 'Scooter');
INSERT INTO DeliveryPartner (vehicle_id, vehicle_name) VALUES ('DP005', 'Bike');
INSERT INTO DeliveryPartner (vehicle_id, vehicle_name) VALUES ('DP006', 'Bicycle');
INSERT INTO DeliveryPartner (vehicle_id, vehicle_name) VALUES ('DP007', 'Scooter');
INSERT INTO DeliveryPartner (vehicle_id, vehicle_name) VALUES ('DP008', 'Bike');
INSERT INTO DeliveryPartner (vehicle_id, vehicle_name) VALUES ('DP009', 'Bicycle');
INSERT INTO DeliveryPartner (vehicle_id, vehicle_name) VALUES ('DP010', 'Scooter');
INSERT INTO DeliveryPartner (vehicle_id, vehicle_name) VALUES ('DP011', 'Bike');
INSERT INTO DeliveryPartner (vehicle_id, vehicle_name) VALUES ('DP012', 'Bicycle');
INSERT INTO DeliveryPartner (vehicle_id, vehicle_name) VALUES ('DP013', 'Scooter');
INSERT INTO DeliveryPartner (vehicle_id, vehicle_name) VALUES ('DP014', 'Bike');
INSERT INTO DeliveryPartner (vehicle_id, vehicle_name) VALUES ('DP015', 'Bicycle');
INSERT INTO DeliveryPartner (vehicle_id, vehicle_name) VALUES ('DP016', 'Scooter');
INSERT INTO DeliveryPartner (vehicle_id, vehicle_name) VALUES ('DP017', 'Bike');
INSERT INTO DeliveryPartner (vehicle_id, vehicle_name) VALUES ('DP018', 'Bicycle');
INSERT INTO DeliveryPartner (vehicle_id, vehicle_name) VALUES ('DP019', 'Scooter');
INSERT INTO DeliveryPartner (vehicle_id, vehicle_name) VALUES ('DP020', 'Bike');
INSERT INTO DeliveryPartner (vehicle_id, vehicle_name) VALUES ('DP021', 'Bicycle');
INSERT INTO DeliveryPartner (vehicle_id, vehicle_name) VALUES ('DP022', 'Scooter');
INSERT INTO DeliveryPartner (vehicle_id, vehicle_name) VALUES ('DP023', 'Bike');
INSERT INTO DeliveryPartner (vehicle_id, vehicle_name) VALUES ('DP024', 'Bicycle');
INSERT INTO DeliveryPartner (vehicle_id, vehicle_name) VALUES ('DP025', 'Scooter');
INSERT INTO DeliveryPartner (vehicle_id, vehicle_name) VALUES ('DP026', 'Bike');
INSERT INTO DeliveryPartner (vehicle_id, vehicle_name) VALUES ('DP027', 'Bicycle');
INSERT INTO DeliveryPartner (vehicle_id, vehicle_name) VALUES ('DP028', 'Scooter');
INSERT INTO DeliveryPartner (vehicle_id, vehicle_name) VALUES ('DP029', 'Bike');
INSERT INTO DeliveryPartner (vehicle_id, vehicle_name) VALUES ('DP030', 'Bicycle');
INSERT INTO DeliveryPartner (vehicle_id, vehicle_name) VALUES ('DP031', 'Scooter');
INSERT INTO DeliveryPartner (vehicle_id, vehicle_name) VALUES ('DP032', 'Bike');
INSERT INTO DeliveryPartner (vehicle_id, vehicle_name) VALUES ('DP033', 'Bicycle');
INSERT INTO DeliveryPartner (vehicle_id, vehicle_name) VALUES ('DP034', 'Scooter');
INSERT INTO DeliveryPartner (vehicle_id, vehicle_name) VALUES ('DP035', 'Bike');
INSERT INTO DeliveryPartner (vehicle_id, vehicle_name) VALUES ('DP036', 'Bicycle');
INSERT INTO DeliveryPartner (vehicle_id, vehicle_name) VALUES ('DP037', 'Scooter');
INSERT INTO DeliveryPartner (vehicle_id, vehicle_name) VALUES ('DP038', 'Bike');
INSERT INTO DeliveryPartner (vehicle_id, vehicle_name) VALUES ('DP039', 'Bicycle');
INSERT INTO DeliveryPartner (vehicle_id, vehicle_name) VALUES ('DP040', 'Scooter');
INSERT INTO DeliveryPartner (vehicle_id, vehicle_name) VALUES ('DP041', 'Bike');
INSERT INTO DeliveryPartner (vehicle_id, vehicle_name) VALUES ('DP042', 'Bicycle');
INSERT INTO DeliveryPartner (vehicle_id, vehicle_name) VALUES ('DP043', 'Scooter');
INSERT INTO DeliveryPartner (vehicle_id, vehicle_name) VALUES ('DP044', 'Bike');
INSERT INTO DeliveryPartner (vehicle_id, vehicle_name) VALUES ('DP045', 'Bicycle');
INSERT INTO DeliveryPartner (vehicle_id, vehicle_name) VALUES ('DP046', 'Scooter');
INSERT INTO DeliveryPartner (vehicle_id, vehicle_name) VALUES ('DP047', 'Bike');
INSERT INTO DeliveryPartner (vehicle_id, vehicle_name) VALUES ('DP048', 'Bicycle');
INSERT INTO DeliveryPartner (vehicle_id, vehicle_name) VALUES ('DP049', 'Scooter');
INSERT INTO DeliveryPartner (vehicle_id, vehicle_name) VALUES ('DP050', 'Bike');
INSERT INTO DeliveryPartner (vehicle_id, vehicle_name) VALUES ('DP051', 'Bicycle');
INSERT INTO DeliveryPartner (vehicle_id, vehicle_name) VALUES ('DP052', 'Scooter');
INSERT INTO DeliveryPartner (vehicle_id, vehicle_name) VALUES ('DP053', 'Bike');
INSERT INTO DeliveryPartner (vehicle_id, vehicle_name) VALUES ('DP054', 'Bicycle');
INSERT INTO DeliveryPartner (vehicle_id, vehicle_name) VALUES ('DP055', 'Scooter');
INSERT INTO DeliveryPartner (vehicle_id, vehicle_name) VALUES ('DP056', 'Bike');
INSERT INTO DeliveryPartner (vehicle_id, vehicle_name) VALUES ('DP057', 'Bicycle');
INSERT INTO DeliveryPartner (vehicle_id, vehicle_name) VALUES ('DP058', 'Scooter');
INSERT INTO DeliveryPartner (vehicle_id, vehicle_name) VALUES ('DP059', 'Bike');
INSERT INTO DeliveryPartner (vehicle_id, vehicle_name) VALUES ('DP060', 'Bicycle');
INSERT INTO DeliveryPartner (vehicle_id, vehicle_name) VALUES ('DP061', 'Scooter');
INSERT INTO DeliveryPartner (vehicle_id, vehicle_name) VALUES ('DP062', 'Bike');
INSERT INTO DeliveryPartner (vehicle_id, vehicle_name) VALUES ('DP063', 'Bicycle');
INSERT INTO DeliveryPartner (vehicle_id, vehicle_name) VALUES ('DP064', 'Scooter');
INSERT INTO DeliveryPartner (vehicle_id, vehicle_name) VALUES ('DP065', 'Bike');
INSERT INTO DeliveryPartner (vehicle_id, vehicle_name) VALUES ('DP066', 'Bicycle');
INSERT INTO DeliveryPartner (vehicle_id, vehicle_name) VALUES ('DP067', 'Scooter');
INSERT INTO DeliveryPartner (vehicle_id, vehicle_name) VALUES ('DP068', 'Bike');
INSERT INTO DeliveryPartner (vehicle_id, vehicle_name) VALUES ('DP069', 'Bicycle');
INSERT INTO DeliveryPartner (vehicle_id, vehicle_name) VALUES ('DP070', 'Scooter');
INSERT INTO DeliveryPartner (vehicle_id, vehicle_name) VALUES ('DP071', 'Bike');
INSERT INTO DeliveryPartner (vehicle_id, vehicle_name) VALUES ('DP072', 'Bicycle');
INSERT INTO DeliveryPartner (vehicle_id, vehicle_name) VALUES ('DP073', 'Scooter');
INSERT INTO DeliveryPartner (vehicle_id, vehicle_name) VALUES ('DP074', 'Bike');
INSERT INTO DeliveryPartner (vehicle_id, vehicle_name) VALUES ('DP075', 'Bicycle');
INSERT INTO DeliveryPartner (vehicle_id, vehicle_name) VALUES ('DP076', 'Scooter');
INSERT INTO DeliveryPartner (vehicle_id, vehicle_name) VALUES ('DP077', 'Bike');
INSERT INTO DeliveryPartner (vehicle_id, vehicle_name) VALUES ('DP078', 'Bicycle');
INSERT INTO DeliveryPartner (vehicle_id, vehicle_name) VALUES ('DP079', 'Scooter');
INSERT INTO DeliveryPartner (vehicle_id, vehicle_name) VALUES ('DP080', 'Bike');
INSERT INTO DeliveryPartner (vehicle_id, vehicle_name) VALUES ('DP081', 'Bicycle');
INSERT INTO DeliveryPartner (vehicle_id, vehicle_name) VALUES ('DP082', 'Scooter');
INSERT INTO DeliveryPartner (vehicle_id, vehicle_name) VALUES ('DP083', 'Bike');
INSERT INTO DeliveryPartner (vehicle_id, vehicle_name) VALUES ('DP084', 'Bicycle');
INSERT INTO DeliveryPartner (vehicle_id, vehicle_name) VALUES ('DP085', 'Scooter');
INSERT INTO DeliveryPartner (vehicle_id, vehicle_name) VALUES ('DP086', 'Bike');
INSERT INTO DeliveryPartner (vehicle_id, vehicle_name) VALUES ('DP087', 'Bicycle');
INSERT INTO DeliveryPartner (vehicle_id, vehicle_name) VALUES ('DP088', 'Scooter');
INSERT INTO DeliveryPartner (vehicle_id, vehicle_name) VALUES ('DP089', 'Bike');
INSERT INTO DeliveryPartner (vehicle_id, vehicle_name) VALUES ('DP090', 'Bicycle');
INSERT INTO DeliveryPartner (vehicle_id, vehicle_name) VALUES ('DP091', 'Scooter');
INSERT INTO DeliveryPartner (vehicle_id, vehicle_name) VALUES ('DP092', 'Bike');
INSERT INTO DeliveryPartner (vehicle_id, vehicle_name) VALUES ('DP093', 'Bicycle');
INSERT INTO DeliveryPartner (vehicle_id, vehicle_name) VALUES ('DP094', 'Scooter');
INSERT INTO DeliveryPartner (vehicle_id, vehicle_name) VALUES ('DP095', 'Bike');
INSERT INTO DeliveryPartner (vehicle_id, vehicle_name) VALUES ('DP096', 'Bicycle');
INSERT INTO DeliveryPartner (vehicle_id, vehicle_name) VALUES ('DP097', 'Scooter');
INSERT INTO DeliveryPartner (vehicle_id, vehicle_name) VALUES ('DP098', 'Bike');
INSERT INTO DeliveryPartner (vehicle_id, vehicle_name) VALUES ('DP099', 'Bicycle');
INSERT INTO DeliveryPartner (vehicle_id, vehicle_name) VALUES ('DP100', 'Scooter');

-- inventory db
use kirana;
insert into Inventory (product_id, quantity) values (42, 10);
insert into Inventory (product_id, quantity) values (14, 46);
insert into Inventory (product_id, quantity) values (49, 57);
insert into Inventory (product_id, quantity) values (35, 27);
insert into Inventory (product_id, quantity) values (82, 118);
insert into Inventory (product_id, quantity) values (10, 133);
insert into Inventory (product_id, quantity) values (90, 137);
insert into Inventory (product_id, quantity) values (9, 111);
insert into Inventory (product_id, quantity) values (55, 82);
insert into Inventory (product_id, quantity) values (55, 86);
insert into Inventory (product_id, quantity) values (55, 121);
insert into Inventory (product_id, quantity) values (24, 45);
insert into Inventory (product_id, quantity) values (6, 138);
insert into Inventory (product_id, quantity) values (75, 104);
insert into Inventory (product_id, quantity) values (96, 112);
insert into Inventory (product_id, quantity) values (50, 129);
insert into Inventory (product_id, quantity) values (64, 138);
insert into Inventory (product_id, quantity) values (45, 30);
insert into Inventory (product_id, quantity) values (10, 26);
insert into Inventory (product_id, quantity) values (51, 56);
insert into Inventory (product_id, quantity) values (36, 26);
insert into Inventory (product_id, quantity) values (65, 62);
insert into Inventory (product_id, quantity) values (73, 78);
insert into Inventory (product_id, quantity) values (86, 54);
insert into Inventory (product_id, quantity) values (79, 83);
insert into Inventory (product_id, quantity) values (26, 41);
insert into Inventory (product_id, quantity) values (60, 28);
insert into Inventory (product_id, quantity) values (71, 107);
insert into Inventory (product_id, quantity) values (25, 107);
insert into Inventory (product_id, quantity) values (20, 63);
insert into Inventory (product_id, quantity) values (48, 85);
insert into Inventory (product_id, quantity) values (84, 58);
insert into Inventory (product_id, quantity) values (64, 18);
insert into Inventory (product_id, quantity) values (69, 2);
insert into Inventory (product_id, quantity) values (4, 3);
insert into Inventory (product_id, quantity) values (12, 61);
insert into Inventory (product_id, quantity) values (89, 22);
insert into Inventory (product_id, quantity) values (14, 46);
insert into Inventory (product_id, quantity) values (51, 16);
insert into Inventory (product_id, quantity) values (67, 20);
insert into Inventory (product_id, quantity) values (55, 69);
insert into Inventory (product_id, quantity) values (74, 58);
insert into Inventory (product_id, quantity) values (52, 135);
insert into Inventory (product_id, quantity) values (48, 59);
insert into Inventory (product_id, quantity) values (41, 54);
insert into Inventory (product_id, quantity) values (64, 39);
insert into Inventory (product_id, quantity) values (32, 131);
insert into Inventory (product_id, quantity) values (1, 92);
insert into Inventory (product_id, quantity) values (50, 95);
insert into Inventory (product_id, quantity) values (88, 112);
insert into Inventory (product_id, quantity) values (57, 77);
insert into Inventory (product_id, quantity) values (70, 117);
insert into Inventory (product_id, quantity) values (80, 138);
insert into Inventory (product_id, quantity) values (87, 45);
insert into Inventory (product_id, quantity) values (83, 88);
insert into Inventory (product_id, quantity) values (63, 120);
insert into Inventory (product_id, quantity) values (61, 100);
insert into Inventory (product_id, quantity) values (35, 48);
insert into Inventory (product_id, quantity) values (22, 114);
insert into Inventory (product_id, quantity) values (84, 94);
insert into Inventory (product_id, quantity) values (34, 125);
insert into Inventory (product_id, quantity) values (14, 99);
insert into Inventory (product_id, quantity) values (39, 83);
insert into Inventory (product_id, quantity) values (42, 13);
insert into Inventory (product_id, quantity) values (87, 40);
insert into Inventory (product_id, quantity) values (45, 47);
insert into Inventory (product_id, quantity) values (83, 67);
insert into Inventory (product_id, quantity) values (31, 123);
insert into Inventory (product_id, quantity) values (4, 120);
insert into Inventory (product_id, quantity) values (68, 67);
insert into Inventory (product_id, quantity) values (20, 134);
insert into Inventory (product_id, quantity) values (9, 90);
insert into Inventory (product_id, quantity) values (42, 103);
insert into Inventory (product_id, quantity) values (79, 139);
insert into Inventory (product_id, quantity) values (78, 76);
insert into Inventory (product_id, quantity) values (84, 144);
insert into Inventory (product_id, quantity) values (78, 141);
insert into Inventory (product_id, quantity) values (92, 37);
insert into Inventory (product_id, quantity) values (25, 116);
insert into Inventory (product_id, quantity) values (1, 35);
insert into Inventory (product_id, quantity) values (65, 96);
insert into Inventory (product_id, quantity) values (46, 149);
insert into Inventory (product_id, quantity) values (46, 36);
insert into Inventory (product_id, quantity) values (87, 23);
insert into Inventory (product_id, quantity) values (22, 93);
insert into Inventory (product_id, quantity) values (8, 106);
insert into Inventory (product_id, quantity) values (55, 142);
insert into Inventory (product_id, quantity) values (94, 42);
insert into Inventory (product_id, quantity) values (96, 110);
insert into Inventory (product_id, quantity) values (71, 123);
insert into Inventory (product_id, quantity) values (93, 131);
insert into Inventory (product_id, quantity) values (31, 47);
insert into Inventory (product_id, quantity) values (75, 43);
insert into Inventory (product_id, quantity) values (86, 115);
insert into Inventory (product_id, quantity) values (43, 32);
insert into Inventory (product_id, quantity) values (85, 79);
insert into Inventory (product_id, quantity) values (94, 12);
insert into Inventory (product_id, quantity) values (60, 133);
insert into Inventory (product_id, quantity) values (4, 18);
insert into Inventory (product_id, quantity) values (16, 145);
insert into Inventory (product_id, quantity) values (82, 86);
insert into Inventory (product_id, quantity) values (42, 35);
insert into Inventory (product_id, quantity) values (54, 136);
insert into Inventory (product_id, quantity) values (76, 143);
insert into Inventory (product_id, quantity) values (58, 132);
insert into Inventory (product_id, quantity) values (24, 33);
insert into Inventory (product_id, quantity) values (45, 142);
insert into Inventory (product_id, quantity) values (33, 114);
insert into Inventory (product_id, quantity) values (93, 86);
insert into Inventory (product_id, quantity) values (25, 126);
insert into Inventory (product_id, quantity) values (17, 40);
insert into Inventory (product_id, quantity) values (62, 112);
insert into Inventory (product_id, quantity) values (6, 145);
insert into Inventory (product_id, quantity) values (31, 90);
insert into Inventory (product_id, quantity) values (42, 63);
insert into Inventory (product_id, quantity) values (12, 58);
insert into Inventory (product_id, quantity) values (89, 88);
insert into Inventory (product_id, quantity) values (29, 73);
insert into Inventory (product_id, quantity) values (45, 103);
insert into Inventory (product_id, quantity) values (47, 86);
insert into Inventory (product_id, quantity) values (36, 122);
insert into Inventory (product_id, quantity) values (97, 49);
insert into Inventory (product_id, quantity) values (34, 97);
insert into Inventory (product_id, quantity) values (14, 99);
insert into Inventory (product_id, quantity) values (47, 55);
insert into Inventory (product_id, quantity) values (1, 2);
insert into Inventory (product_id, quantity) values (23, 3);
insert into Inventory (product_id, quantity) values (100, 49);
insert into Inventory (product_id, quantity) values (58, 133);
insert into Inventory (product_id, quantity) values (32, 28);
insert into Inventory (product_id, quantity) values (99, 108);
insert into Inventory (product_id, quantity) values (41, 60);
insert into Inventory (product_id, quantity) values (74, 127);
insert into Inventory (product_id, quantity) values (25, 87);
insert into Inventory (product_id, quantity) values (30, 136);
insert into Inventory (product_id, quantity) values (97, 51);
insert into Inventory (product_id, quantity) values (83, 126);
insert into Inventory (product_id, quantity) values (72, 50);
insert into Inventory (product_id, quantity) values (30, 91);
insert into Inventory (product_id, quantity) values (40, 11);
insert into Inventory (product_id, quantity) values (78, 44);
insert into Inventory (product_id, quantity) values (50, 12);
insert into Inventory (product_id, quantity) values (13, 14);
insert into Inventory (product_id, quantity) values (69, 70);
insert into Inventory (product_id, quantity) values (10, 96);
insert into Inventory (product_id, quantity) values (69, 76);
insert into Inventory (product_id, quantity) values (13, 25);
insert into Inventory (product_id, quantity) values (40, 84);
insert into Inventory (product_id, quantity) values (3, 84);
insert into Inventory (product_id, quantity) values (84, 21);
insert into Inventory (product_id, quantity) values (31, 71);
insert into Inventory (product_id, quantity) values (18, 127);
insert into Inventory (product_id, quantity) values (90, 55);
insert into Inventory (product_id, quantity) values (88, 7);
insert into Inventory (product_id, quantity) values (54, 56);
insert into Inventory (product_id, quantity) values (99, 84);
insert into Inventory (product_id, quantity) values (30, 15);
insert into Inventory (product_id, quantity) values (82, 18);
insert into Inventory (product_id, quantity) values (37, 116);
insert into Inventory (product_id, quantity) values (88, 98);
insert into Inventory (product_id, quantity) values (63, 111);
insert into Inventory (product_id, quantity) values (24, 4);
insert into Inventory (product_id, quantity) values (27, 27);
insert into Inventory (product_id, quantity) values (51, 75);
insert into Inventory (product_id, quantity) values (22, 65);
insert into Inventory (product_id, quantity) values (51, 24);
insert into Inventory (product_id, quantity) values (56, 2);
insert into Inventory (product_id, quantity) values (46, 102);
insert into Inventory (product_id, quantity) values (24, 54);
insert into Inventory (product_id, quantity) values (27, 75);
insert into Inventory (product_id, quantity) values (55, 93);
insert into Inventory (product_id, quantity) values (24, 88);
insert into Inventory (product_id, quantity) values (32, 65);
insert into Inventory (product_id, quantity) values (13, 65);
insert into Inventory (product_id, quantity) values (31, 13);
insert into Inventory (product_id, quantity) values (3, 13);
insert into Inventory (product_id, quantity) values (41, 140);
insert into Inventory (product_id, quantity) values (50, 54);
insert into Inventory (product_id, quantity) values (84, 18);
insert into Inventory (product_id, quantity) values (53, 56);
insert into Inventory (product_id, quantity) values (88, 148);
insert into Inventory (product_id, quantity) values (72, 22);
insert into Inventory (product_id, quantity) values (95, 119);
insert into Inventory (product_id, quantity) values (43, 63);
insert into Inventory (product_id, quantity) values (27, 77);
insert into Inventory (product_id, quantity) values (41, 37);
insert into Inventory (product_id, quantity) values (59, 39);
insert into Inventory (product_id, quantity) values (95, 82);
insert into Inventory (product_id, quantity) values (25, 22);
insert into Inventory (product_id, quantity) values (96, 83);
insert into Inventory (product_id, quantity) values (74, 130);
insert into Inventory (product_id, quantity) values (48, 66);
insert into Inventory (product_id, quantity) values (78, 52);
insert into Inventory (product_id, quantity) values (99, 82);
insert into Inventory (product_id, quantity) values (7, 126);
insert into Inventory (product_id, quantity) values (4, 63);
insert into Inventory (product_id, quantity) values (58, 30);
insert into Inventory (product_id, quantity) values (91, 124);
insert into Inventory (product_id, quantity) values (10, 19);
insert into Inventory (product_id, quantity) values (66, 149);


-- orders db
insert into Orders (order_id, delivery_addr, order_date, total_cost, taxes, delivery_fee, customer_id, payment_id, deliverypartner_id) values (1, '58900 Portage Way', '2023-02-03', 13.9, 60.97, 18.16, 87, 90, 57);
insert into Orders (order_id, delivery_addr, order_date, total_cost, taxes, delivery_fee, customer_id, payment_id, deliverypartner_id) values (2, '90863 Brickson Park Road', '2022-05-07', 973.67, 43.79, 28.08, 78, 49, 95);
insert into Orders (order_id, delivery_addr, order_date, total_cost, taxes, delivery_fee, customer_id, payment_id, deliverypartner_id) values (3, '883 Darwin Pass', '2022-12-31', 357.64, 32.88, 27.26, 61, 42, 92);
insert into Orders (order_id, delivery_addr, order_date, total_cost, taxes, delivery_fee, customer_id, payment_id, deliverypartner_id) values (4, '4004 Monument Circle', '2022-09-06', 253.49, 72.32, 18.19, 82, 34, 73);
insert into Orders (order_id, delivery_addr, order_date, total_cost, taxes, delivery_fee, customer_id, payment_id, deliverypartner_id) values (5, '42 Ridgeview Alley', '2022-12-25', 894.99, 58.03, 20.86, 73, 64, 75);
insert into Orders (order_id, delivery_addr, order_date, total_cost, taxes, delivery_fee, customer_id, payment_id, deliverypartner_id) values (6, '81783 Grim Alley', '2022-06-12', 969.35, 33.64, 18.74, 97, 38, 28);
insert into Orders (order_id, delivery_addr, order_date, total_cost, taxes, delivery_fee, customer_id, payment_id, deliverypartner_id) values (7, '140 Carey Avenue', '2022-09-04', 15.7, 6.89, 12.35, 90, 14, null);
insert into Orders (order_id, delivery_addr, order_date, total_cost, taxes, delivery_fee, customer_id, payment_id, deliverypartner_id) values (8, '1 Merchant Lane', '2022-11-07', 321.8, 8.36, 23.29, 60, 73, 63);
insert into Orders (order_id, delivery_addr, order_date, total_cost, taxes, delivery_fee, customer_id, payment_id, deliverypartner_id) values (9, '9 Ridgeway Drive', '2022-12-23', 857.62, 97.34, 3.19, 94, 42, null);
insert into Orders (order_id, delivery_addr, order_date, total_cost, taxes, delivery_fee, customer_id, payment_id, deliverypartner_id) values (10, '6 Johnson Junction', '2022-08-04', 62.19, 82.64, 24.4, 75, 20, 32);
insert into Orders (order_id, delivery_addr, order_date, total_cost, taxes, delivery_fee, customer_id, payment_id, deliverypartner_id) values (11, '67 Delladonna Alley', '2022-08-07', 362.56, 19.24, 9.08, 21, 7, 37);
insert into Orders (order_id, delivery_addr, order_date, total_cost, taxes, delivery_fee, customer_id, payment_id, deliverypartner_id) values (12, '689 Corry Point', '2022-03-15', 29.97, 70.62, 15.46, 51, 94, 77);
insert into Orders (order_id, delivery_addr, order_date, total_cost, taxes, delivery_fee, customer_id, payment_id, deliverypartner_id) values (13, '2 Darwin Lane', '2022-05-26', 153.08, 7.78, 13.46, 5, 30, 31);
insert into Orders (order_id, delivery_addr, order_date, total_cost, taxes, delivery_fee, customer_id, payment_id, deliverypartner_id) values (14, '06353 Donald Terrace', '2022-03-13', 660.83, 4.71, 14.79, 27, 21, 76);
insert into Orders (order_id, delivery_addr, order_date, total_cost, taxes, delivery_fee, customer_id, payment_id, deliverypartner_id) values (15, '097 Luster Way', '2022-12-15', 422.66, 1.73, 2.13, 8, 63, 39);
insert into Orders (order_id, delivery_addr, order_date, total_cost, taxes, delivery_fee, customer_id, payment_id, deliverypartner_id) values (16, '435 Loftsgordon Avenue', '2022-12-24', 618.57, 92.29, 8.73, 42, 25, 24);
insert into Orders (order_id, delivery_addr, order_date, total_cost, taxes, delivery_fee, customer_id, payment_id, deliverypartner_id) values (17, '8 Superior Street', '2022-12-09', 755.6, 68.74, 20.74, 94, 44, null);
insert into Orders (order_id, delivery_addr, order_date, total_cost, taxes, delivery_fee, customer_id, payment_id, deliverypartner_id) values (18, '012 Pawling Crossing', '2022-08-02', 80.32, 91.84, 24.32, 27, 36, 16);
insert into Orders (order_id, delivery_addr, order_date, total_cost, taxes, delivery_fee, customer_id, payment_id, deliverypartner_id) values (19, '7 Hagan Place', '2022-12-14', 888.64, 60.95, 21.01, 31, 75, 11);
insert into Orders (order_id, delivery_addr, order_date, total_cost, taxes, delivery_fee, customer_id, payment_id, deliverypartner_id) values (20, '6989 Muir Circle', '2022-06-12', 784.88, 88.5, 17.5, 84, 71, 67);
insert into Orders (order_id, delivery_addr, order_date, total_cost, taxes, delivery_fee, customer_id, payment_id, deliverypartner_id) values (21, '138 Eastwood Way', '2022-08-04', 887.92, 75.14, 29.39, 47, 29, 62);
insert into Orders (order_id, delivery_addr, order_date, total_cost, taxes, delivery_fee, customer_id, payment_id, deliverypartner_id) values (22, '8343 Kensington Circle', '2022-02-08', 961.79, 39.46, 4.77, 4, 7, 35);
insert into Orders (order_id, delivery_addr, order_date, total_cost, taxes, delivery_fee, customer_id, payment_id, deliverypartner_id) values (23, '058 Blue Bill Park Pass', '2022-11-14', 624.02, 15.07, 28.35, 44, 46, 46);
insert into Orders (order_id, delivery_addr, order_date, total_cost, taxes, delivery_fee, customer_id, payment_id, deliverypartner_id) values (24, '6794 Division Lane', '2022-07-09', 546.23, 97.2, 9.51, 88, 82, 98);
insert into Orders (order_id, delivery_addr, order_date, total_cost, taxes, delivery_fee, customer_id, payment_id, deliverypartner_id) values (25, '4953 Huxley Way', '2022-05-15', 296.1, 6.11, 21.97, 52, 41, 31);
insert into Orders (order_id, delivery_addr, order_date, total_cost, taxes, delivery_fee, customer_id, payment_id, deliverypartner_id) values (26, '8 Talmadge Court', '2022-09-04', 85.29, 97.41, 18.15, 63, 73, 98);
insert into Orders (order_id, delivery_addr, order_date, total_cost, taxes, delivery_fee, customer_id, payment_id, deliverypartner_id) values (27, '1 Manufacturers Point', '2022-10-21', 705.96, 89.05, 7.89, 3, 37, 4);
insert into Orders (order_id, delivery_addr, order_date, total_cost, taxes, delivery_fee, customer_id, payment_id, deliverypartner_id) values (28, '2576 Forest Run Terrace', '2022-06-19', 394.61, 43.14, 5.69, 90, 92, 11);
insert into Orders (order_id, delivery_addr, order_date, total_cost, taxes, delivery_fee, customer_id, payment_id, deliverypartner_id) values (29, '9 Del Mar Court', '2023-02-03', 558.51, 52.87, 27.1, 88, 72, null);
insert into Orders (order_id, delivery_addr, order_date, total_cost, taxes, delivery_fee, customer_id, payment_id, deliverypartner_id) values (30, '359 Fordem Place', '2022-10-09', 135.41, 79.02, 4.16, 22, 36, 45);
insert into Orders (order_id, delivery_addr, order_date, total_cost, taxes, delivery_fee, customer_id, payment_id, deliverypartner_id) values (31, '277 Moland Avenue', '2022-05-04', 466.18, 56.49, 4.18, 77, 88, null);
insert into Orders (order_id, delivery_addr, order_date, total_cost, taxes, delivery_fee, customer_id, payment_id, deliverypartner_id) values (32, '9 Hudson Road', '2022-03-11', 876.22, 20.12, 9.74, 4, 72, null);
insert into Orders (order_id, delivery_addr, order_date, total_cost, taxes, delivery_fee, customer_id, payment_id, deliverypartner_id) values (33, '02729 Di Loreto Park', '2022-07-03', 830.77, 56.19, 20.49, 23, 14, 31);
insert into Orders (order_id, delivery_addr, order_date, total_cost, taxes, delivery_fee, customer_id, payment_id, deliverypartner_id) values (34, '459 Chinook Way', '2022-05-07', 868.08, 61.14, 28.49, 44, 75, 55);
insert into Orders (order_id, delivery_addr, order_date, total_cost, taxes, delivery_fee, customer_id, payment_id, deliverypartner_id) values (35, '33618 Melody Court', '2022-12-16', 249.02, 48.6, 1.6, 17, 9, 33);
insert into Orders (order_id, delivery_addr, order_date, total_cost, taxes, delivery_fee, customer_id, payment_id, deliverypartner_id) values (36, '09565 Meadow Valley Terrace', '2022-11-05', 485.7, 93.83, 22.1, 88, 70, 49);
insert into Orders (order_id, delivery_addr, order_date, total_cost, taxes, delivery_fee, customer_id, payment_id, deliverypartner_id) values (37, '52767 Mayfield Crossing', '2022-11-20', 611.2, 49.76, 5.31, 86, 91, null);
insert into Orders (order_id, delivery_addr, order_date, total_cost, taxes, delivery_fee, customer_id, payment_id, deliverypartner_id) values (38, '72101 Bartelt Point', '2022-05-29', 474.02, 59.25, 5.74, 3, 21, 100);
insert into Orders (order_id, delivery_addr, order_date, total_cost, taxes, delivery_fee, customer_id, payment_id, deliverypartner_id) values (39, '02 8th Pass', '2023-02-02', 505.81, 42.02, 8.93, 48, 39, 75);
insert into Orders (order_id, delivery_addr, order_date, total_cost, taxes, delivery_fee, customer_id, payment_id, deliverypartner_id) values (40, '7 Union Court', '2022-09-02', 345.72, 20.8, 29.01, 90, 94, 28);
insert into Orders (order_id, delivery_addr, order_date, total_cost, taxes, delivery_fee, customer_id, payment_id, deliverypartner_id) values (41, '84392 Messerschmidt Way', '2023-01-07', 683.54, 55.9, 24.86, 21, 56, 40);
insert into Orders (order_id, delivery_addr, order_date, total_cost, taxes, delivery_fee, customer_id, payment_id, deliverypartner_id) values (42, '601 Melrose Avenue', '2022-05-07', 769.86, 21.88, 14.49, 92, 45, 38);
insert into Orders (order_id, delivery_addr, order_date, total_cost, taxes, delivery_fee, customer_id, payment_id, deliverypartner_id) values (43, '875 Harbort Street', '2022-07-07', 629.02, 54.54, 26.44, 4, 12, 100);
insert into Orders (order_id, delivery_addr, order_date, total_cost, taxes, delivery_fee, customer_id, payment_id, deliverypartner_id) values (44, '70510 Amoth Pass', '2022-03-05', 412.39, 45.83, 15.26, 25, 44, 86);
insert into Orders (order_id, delivery_addr, order_date, total_cost, taxes, delivery_fee, customer_id, payment_id, deliverypartner_id) values (45, '3319 Kropf Pass', '2022-12-10', 166.39, 44.34, 18.3, 87, 3, 30);
insert into Orders (order_id, delivery_addr, order_date, total_cost, taxes, delivery_fee, customer_id, payment_id, deliverypartner_id) values (46, '627 Veith Drive', '2023-01-08', 685.89, 50.35, 14.08, 98, 13, 33);
insert into Orders (order_id, delivery_addr, order_date, total_cost, taxes, delivery_fee, customer_id, payment_id, deliverypartner_id) values (47, '4583 Oakridge Place', '2022-08-02', 11.51, 40.3, 7.57, 6, 44, 86);
insert into Orders (order_id, delivery_addr, order_date, total_cost, taxes, delivery_fee, customer_id, payment_id, deliverypartner_id) values (48, '6488 Oxford Center', '2022-03-31', 924.48, 5.07, 8.67, 83, 81, null);
insert into Orders (order_id, delivery_addr, order_date, total_cost, taxes, delivery_fee, customer_id, payment_id, deliverypartner_id) values (49, '7 Hudson Place', '2022-03-02', 968.1, 13.18, 5.01, 46, 87, 23);
insert into Orders (order_id, delivery_addr, order_date, total_cost, taxes, delivery_fee, customer_id, payment_id, deliverypartner_id) values (50, '0606 David Drive', '2022-06-02', 296.71, 86.47, 23.8, 83, 41, 89);
insert into Orders (order_id, delivery_addr, order_date, total_cost, taxes, delivery_fee, customer_id, payment_id, deliverypartner_id) values (51, '6 Independence Drive', '2022-04-03', 67.26, 4.56, 2.6, 34, 10, null);
insert into Orders (order_id, delivery_addr, order_date, total_cost, taxes, delivery_fee, customer_id, payment_id, deliverypartner_id) values (52, '53461 Arapahoe Parkway', '2022-06-14', 191.85, 46.88, 14.83, 20, 85, 96);
insert into Orders (order_id, delivery_addr, order_date, total_cost, taxes, delivery_fee, customer_id, payment_id, deliverypartner_id) values (53, '240 Mcguire Parkway', '2022-04-08', 541.46, 8.77, 9.99, 56, 76, 46);
insert into Orders (order_id, delivery_addr, order_date, total_cost, taxes, delivery_fee, customer_id, payment_id, deliverypartner_id) values (54, '5 Oneill Park', '2022-02-24', 404.56, 60.93, 28.44, 75, 97, 49);
insert into Orders (order_id, delivery_addr, order_date, total_cost, taxes, delivery_fee, customer_id, payment_id, deliverypartner_id) values (55, '8186 Carberry Drive', '2022-03-09', 667.32, 6.72, 2.66, 16, 83, null);
insert into Orders (order_id, delivery_addr, order_date, total_cost, taxes, delivery_fee, customer_id, payment_id, deliverypartner_id) values (56, '1 Miller Lane', '2022-03-21', 514.57, 69.1, 27.66, 3, 36, 47);
insert into Orders (order_id, delivery_addr, order_date, total_cost, taxes, delivery_fee, customer_id, payment_id, deliverypartner_id) values (57, '6 Twin Pines Park', '2022-08-12', 735.52, 90.9, 17.52, 95, 14, null);
insert into Orders (order_id, delivery_addr, order_date, total_cost, taxes, delivery_fee, customer_id, payment_id, deliverypartner_id) values (58, '8 Huxley Crossing', '2023-01-15', 548.91, 97.51, 18.4, 99, 70, 87);
insert into Orders (order_id, delivery_addr, order_date, total_cost, taxes, delivery_fee, customer_id, payment_id, deliverypartner_id) values (59, '32 Hooker Way', '2022-08-31', 622.67, 79.49, 18.25, 30, 67, 4);
insert into Orders (order_id, delivery_addr, order_date, total_cost, taxes, delivery_fee, customer_id, payment_id, deliverypartner_id) values (60, '07946 Dorton Parkway', '2022-12-07', 174.68, 70.55, 23.67, 83, 21, 48);
insert into Orders (order_id, delivery_addr, order_date, total_cost, taxes, delivery_fee, customer_id, payment_id, deliverypartner_id) values (61, '62805 Dorton Place', '2022-10-04', 320.89, 41.73, 22.04, 73, 63, 82);
insert into Orders (order_id, delivery_addr, order_date, total_cost, taxes, delivery_fee, customer_id, payment_id, deliverypartner_id) values (62, '82 Gateway Court', '2023-02-05', 953.06, 44.43, 24.21, 46, 22, 63);
insert into Orders (order_id, delivery_addr, order_date, total_cost, taxes, delivery_fee, customer_id, payment_id, deliverypartner_id) values (63, '7317 Hooker Avenue', '2022-12-28', 701.55, 32.17, 19.99, 49, 92, null);
insert into Orders (order_id, delivery_addr, order_date, total_cost, taxes, delivery_fee, customer_id, payment_id, deliverypartner_id) values (64, '0656 Carey Avenue', '2022-12-24', 926.91, 31.24, 29.07, 36, 98, null);
insert into Orders (order_id, delivery_addr, order_date, total_cost, taxes, delivery_fee, customer_id, payment_id, deliverypartner_id) values (65, '06 Coolidge Avenue', '2022-11-19', 620.82, 59.12, 26.25, 24, 29, null);
insert into Orders (order_id, delivery_addr, order_date, total_cost, taxes, delivery_fee, customer_id, payment_id, deliverypartner_id) values (66, '9 Farmco Lane', '2022-10-21', 705.83, 12.5, 17.89, 25, 86, 10);
insert into Orders (order_id, delivery_addr, order_date, total_cost, taxes, delivery_fee, customer_id, payment_id, deliverypartner_id) values (67, '83 Main Junction', '2022-05-31', 609.47, 70.58, 11.22, 36, 69, 95);
insert into Orders (order_id, delivery_addr, order_date, total_cost, taxes, delivery_fee, customer_id, payment_id, deliverypartner_id) values (68, '4 Fremont Trail', '2022-04-20', 538.12, 8.53, 6.94, 8, 78, 6);
insert into Orders (order_id, delivery_addr, order_date, total_cost, taxes, delivery_fee, customer_id, payment_id, deliverypartner_id) values (69, '804 8th Way', '2022-04-12', 151.5, 77.99, 20.72, 11, 1, null);
insert into Orders (order_id, delivery_addr, order_date, total_cost, taxes, delivery_fee, customer_id, payment_id, deliverypartner_id) values (70, '01244 Forest Run Junction', '2022-10-01', 228.57, 16.34, 3.13, 4, 18, 5);
insert into Orders (order_id, delivery_addr, order_date, total_cost, taxes, delivery_fee, customer_id, payment_id, deliverypartner_id) values (71, '92 Spaight Alley', '2023-02-04', 52.9, 78.51, 23.15, 5, 12, 100);
insert into Orders (order_id, delivery_addr, order_date, total_cost, taxes, delivery_fee, customer_id, payment_id, deliverypartner_id) values (72, '4208 Crowley Hill', '2022-06-30', 83.7, 80.03, 24.29, 20, 14, 72);
insert into Orders (order_id, delivery_addr, order_date, total_cost, taxes, delivery_fee, customer_id, payment_id, deliverypartner_id) values (73, '72299 David Park', '2022-09-12', 953.03, 46.91, 13.86, 22, 86, 89);
insert into Orders (order_id, delivery_addr, order_date, total_cost, taxes, delivery_fee, customer_id, payment_id, deliverypartner_id) values (74, '79203 Lake View Terrace', '2023-01-08', 906.04, 93.06, 12.97, 98, 63, 41);
insert into Orders (order_id, delivery_addr, order_date, total_cost, taxes, delivery_fee, customer_id, payment_id, deliverypartner_id) values (75, '02 Hoepker Point', '2022-12-29', 731.61, 27.57, 29.11, 73, 24, 66);
insert into Orders (order_id, delivery_addr, order_date, total_cost, taxes, delivery_fee, customer_id, payment_id, deliverypartner_id) values (76, '38 Upham Terrace', '2022-12-17', 157.02, 88.54, 29.64, 71, 80, 53);
insert into Orders (order_id, delivery_addr, order_date, total_cost, taxes, delivery_fee, customer_id, payment_id, deliverypartner_id) values (77, '3771 Warbler Court', '2022-10-17', 666.87, 11.88, 21.65, 97, 96, null);
insert into Orders (order_id, delivery_addr, order_date, total_cost, taxes, delivery_fee, customer_id, payment_id, deliverypartner_id) values (78, '6 Eastwood Alley', '2022-07-12', 532.96, 3.45, 19.8, 16, 22, 83);
insert into Orders (order_id, delivery_addr, order_date, total_cost, taxes, delivery_fee, customer_id, payment_id, deliverypartner_id) values (79, '67 Summit Park', '2022-05-16', 254.85, 50.33, 16.29, 95, 95, 73);
insert into Orders (order_id, delivery_addr, order_date, total_cost, taxes, delivery_fee, customer_id, payment_id, deliverypartner_id) values (80, '01293 Grayhawk Terrace', '2022-05-20', 123.84, 9.9, 14.15, 79, 16, 72);
insert into Orders (order_id, delivery_addr, order_date, total_cost, taxes, delivery_fee, customer_id, payment_id, deliverypartner_id) values (81, '6 Wayridge Avenue', '2022-07-23', 779.66, 84.98, 1.86, 32, 16, 89);
insert into Orders (order_id, delivery_addr, order_date, total_cost, taxes, delivery_fee, customer_id, payment_id, deliverypartner_id) values (82, '492 Jenifer Center', '2022-02-28', 359.45, 8.96, 23.57, 87, 50, 90);
insert into Orders (order_id, delivery_addr, order_date, total_cost, taxes, delivery_fee, customer_id, payment_id, deliverypartner_id) values (83, '57 Monterey Lane', '2022-10-21', 761.57, 19.41, 22.61, 52, 17, 70);
insert into Orders (order_id, delivery_addr, order_date, total_cost, taxes, delivery_fee, customer_id, payment_id, deliverypartner_id) values (84, '87 Dunning Parkway', '2022-10-14', 415.65, 49.05, 19.76, 47, 66, 41);
insert into Orders (order_id, delivery_addr, order_date, total_cost, taxes, delivery_fee, customer_id, payment_id, deliverypartner_id) values (85, '957 Barby Hill', '2022-06-27', 759.54, 72.15, 3.33, 84, 65, 63);
insert into Orders (order_id, delivery_addr, order_date, total_cost, taxes, delivery_fee, customer_id, payment_id, deliverypartner_id) values (86, '77749 Ohio Hill', '2023-01-09', 232.74, 62.12, 28.66, 4, 6, 8);
insert into Orders (order_id, delivery_addr, order_date, total_cost, taxes, delivery_fee, customer_id, payment_id, deliverypartner_id) values (87, '2 Jana Center', '2022-03-02', 95.96, 20.17, 7.92, 49, 81, null);
insert into Orders (order_id, delivery_addr, order_date, total_cost, taxes, delivery_fee, customer_id, payment_id, deliverypartner_id) values (88, '28923 Dexter Lane', '2022-10-15', 63.36, 25.05, 1.29, 38, 73, 48);
insert into Orders (order_id, delivery_addr, order_date, total_cost, taxes, delivery_fee, customer_id, payment_id, deliverypartner_id) values (89, '69334 Bunting Road', '2023-01-03', 469.87, 91.44, 21.16, 9, 34, 32);
insert into Orders (order_id, delivery_addr, order_date, total_cost, taxes, delivery_fee, customer_id, payment_id, deliverypartner_id) values (90, '0304 Center Junction', '2023-02-07', 104.64, 7.26, 1.09, 63, 16, 35);
insert into Orders (order_id, delivery_addr, order_date, total_cost, taxes, delivery_fee, customer_id, payment_id, deliverypartner_id) values (91, '81 Melvin Junction', '2022-05-07', 773.55, 40.37, 13.35, 17, 76, 25);
insert into Orders (order_id, delivery_addr, order_date, total_cost, taxes, delivery_fee, customer_id, payment_id, deliverypartner_id) values (92, '60 Sullivan Hill', '2022-12-23', 726.12, 26.62, 23.92, 39, 73, null);
insert into Orders (order_id, delivery_addr, order_date, total_cost, taxes, delivery_fee, customer_id, payment_id, deliverypartner_id) values (93, '093 Bay Court', '2022-09-29', 418.84, 42.19, 9.64, 48, 91, 85);
insert into Orders (order_id, delivery_addr, order_date, total_cost, taxes, delivery_fee, customer_id, payment_id, deliverypartner_id) values (94, '25922 Declaration Street', '2022-04-30', 772.14, 25.57, 29.31, 98, 39, null);
insert into Orders (order_id, delivery_addr, order_date, total_cost, taxes, delivery_fee, customer_id, payment_id, deliverypartner_id) values (95, '3 Mandrake Lane', '2022-06-30', 548.77, 60.42, 11.16, 27, 77, null);
insert into Orders (order_id, delivery_addr, order_date, total_cost, taxes, delivery_fee, customer_id, payment_id, deliverypartner_id) values (96, '40 Calypso Plaza', '2022-06-09', 171.13, 16.29, 17.17, 92, 9, 49);
insert into Orders (order_id, delivery_addr, order_date, total_cost, taxes, delivery_fee, customer_id, payment_id, deliverypartner_id) values (97, '3118 Anzinger Drive', '2023-01-31', 749.46, 41.38, 12.54, 82, 24, 54);
insert into Orders (order_id, delivery_addr, order_date, total_cost, taxes, delivery_fee, customer_id, payment_id, deliverypartner_id) values (98, '7394 Straubel Court', '2023-01-06', 656.63, 42.04, 26.35, 44, 58, null);
insert into Orders (order_id, delivery_addr, order_date, total_cost, taxes, delivery_fee, customer_id, payment_id, deliverypartner_id) values (99, '6 Oakridge Point', '2022-11-05', 864.92, 97.0, 11.21, 9, 44, null);
insert into Orders (order_id, delivery_addr, order_date, total_cost, taxes, delivery_fee, customer_id, payment_id, deliverypartner_id) values (100, '52 Shelley Avenue', '2022-10-11', 85.29, 91.72, 20.5, 58, 83, null);


-- purchased db
insert into Purchased (order_id, product_id, quantity) values (55, 83, 12);
insert into Purchased (order_id, product_id, quantity) values (53, 34, 12);
insert into Purchased (order_id, product_id, quantity) values (87, 81, 12);
insert into Purchased (order_id, product_id, quantity) values (88, 50, 5);
insert into Purchased (order_id, product_id, quantity) values (39, 57, 2);
insert into Purchased (order_id, product_id, quantity) values (87, 100, 16);
insert into Purchased (order_id, product_id, quantity) values (79, 26, 18);
insert into Purchased (order_id, product_id, quantity) values (66, 46, 8);
insert into Purchased (order_id, product_id, quantity) values (4, 4, 5);
insert into Purchased (order_id, product_id, quantity) values (92, 10, 5);
insert into Purchased (order_id, product_id, quantity) values (94, 90, 15);
insert into Purchased (order_id, product_id, quantity) values (55, 24, 13);
insert into Purchased (order_id, product_id, quantity) values (63, 92, 17);
insert into Purchased (order_id, product_id, quantity) values (63, 39, 6);
insert into Purchased (order_id, product_id, quantity) values (60, 71, 5);
insert into Purchased (order_id, product_id, quantity) values (6, 20, 16);
insert into Purchased (order_id, product_id, quantity) values (78, 83, 6);
insert into Purchased (order_id, product_id, quantity) values (21, 75, 2);
insert into Purchased (order_id, product_id, quantity) values (97, 52, 1);
insert into Purchased (order_id, product_id, quantity) values (87, 17, 3);
insert into Purchased (order_id, product_id, quantity) values (11, 28, 19);
insert into Purchased (order_id, product_id, quantity) values (54, 32, 3);
insert into Purchased (order_id, product_id, quantity) values (22, 48, 18);
insert into Purchased (order_id, product_id, quantity) values (87, 70, 15);
insert into Purchased (order_id, product_id, quantity) values (23, 40, 5);
insert into Purchased (order_id, product_id, quantity) values (37, 77, 10);
insert into Purchased (order_id, product_id, quantity) values (96, 50, 16);
insert into Purchased (order_id, product_id, quantity) values (21, 51, 2);
insert into Purchased (order_id, product_id, quantity) values (73, 91, 2);
insert into Purchased (order_id, product_id, quantity) values (48, 51, 14);
insert into Purchased (order_id, product_id, quantity) values (31, 97, 14);
insert into Purchased (order_id, product_id, quantity) values (100, 55, 15);
insert into Purchased (order_id, product_id, quantity) values (43, 64, 16);
insert into Purchased (order_id, product_id, quantity) values (77, 39, 9);
insert into Purchased (order_id, product_id, quantity) values (23, 32, 1);
insert into Purchased (order_id, product_id, quantity) values (89, 51, 2);
insert into Purchased (order_id, product_id, quantity) values (98, 37, 18);
insert into Purchased (order_id, product_id, quantity) values (77, 78, 6);
insert into Purchased (order_id, product_id, quantity) values (63, 50, 8);
insert into Purchased (order_id, product_id, quantity) values (85, 46, 9);
insert into Purchased (order_id, product_id, quantity) values (78, 99, 6);
insert into Purchased (order_id, product_id, quantity) values (65, 35, 20);
insert into Purchased (order_id, product_id, quantity) values (65, 63, 11);
insert into Purchased (order_id, product_id, quantity) values (100, 61, 10);
insert into Purchased (order_id, product_id, quantity) values (4, 74, 5);
insert into Purchased (order_id, product_id, quantity) values (91, 10, 13);
insert into Purchased (order_id, product_id, quantity) values (15, 37, 9);
insert into Purchased (order_id, product_id, quantity) values (45, 97, 7);
insert into Purchased (order_id, product_id, quantity) values (6, 81, 14);
insert into Purchased (order_id, product_id, quantity) values (7, 8, 7);
insert into Purchased (order_id, product_id, quantity) values (82, 69, 5);
insert into Purchased (order_id, product_id, quantity) values (23, 5, 6);
insert into Purchased (order_id, product_id, quantity) values (60, 29, 7);
insert into Purchased (order_id, product_id, quantity) values (12, 27, 10);
insert into Purchased (order_id, product_id, quantity) values (16, 17, 13);
insert into Purchased (order_id, product_id, quantity) values (71, 67, 19);
insert into Purchased (order_id, product_id, quantity) values (81, 50, 10);
insert into Purchased (order_id, product_id, quantity) values (16, 34, 4);
insert into Purchased (order_id, product_id, quantity) values (47, 47, 5);
insert into Purchased (order_id, product_id, quantity) values (59, 94, 7);
insert into Purchased (order_id, product_id, quantity) values (67, 48, 19);
insert into Purchased (order_id, product_id, quantity) values (54, 6, 16);
insert into Purchased (order_id, product_id, quantity) values (26, 49, 17);
insert into Purchased (order_id, product_id, quantity) values (53, 20, 5);
insert into Purchased (order_id, product_id, quantity) values (32, 60, 10);
insert into Purchased (order_id, product_id, quantity) values (65, 12, 13);
insert into Purchased (order_id, product_id, quantity) values (10, 77, 17);
insert into Purchased (order_id, product_id, quantity) values (39, 95, 14);
insert into Purchased (order_id, product_id, quantity) values (15, 71, 14);
insert into Purchased (order_id, product_id, quantity) values (100, 4, 6);
insert into Purchased (order_id, product_id, quantity) values (16, 50, 4);
insert into Purchased (order_id, product_id, quantity) values (62, 9, 10);
insert into Purchased (order_id, product_id, quantity) values (37, 87, 3);
insert into Purchased (order_id, product_id, quantity) values (72, 78, 2);
insert into Purchased (order_id, product_id, quantity) values (27, 34, 13);
insert into Purchased (order_id, product_id, quantity) values (15, 63, 20);
insert into Purchased (order_id, product_id, quantity) values (24, 57, 10);
insert into Purchased (order_id, product_id, quantity) values (89, 3, 8);
insert into Purchased (order_id, product_id, quantity) values (19, 93, 2);
insert into Purchased (order_id, product_id, quantity) values (100, 13, 17);
insert into Purchased (order_id, product_id, quantity) values (33, 26, 2);
insert into Purchased (order_id, product_id, quantity) values (9, 2, 18);
insert into Purchased (order_id, product_id, quantity) values (50, 21, 13);
insert into Purchased (order_id, product_id, quantity) values (89, 75, 17);
insert into Purchased (order_id, product_id, quantity) values (33, 33, 12);
insert into Purchased (order_id, product_id, quantity) values (8, 62, 1);
insert into Purchased (order_id, product_id, quantity) values (75, 20, 4);
insert into Purchased (order_id, product_id, quantity) values (94, 45, 8);
insert into Purchased (order_id, product_id, quantity) values (15, 38, 20);
insert into Purchased (order_id, product_id, quantity) values (54, 18, 1);
insert into Purchased (order_id, product_id, quantity) values (50, 44, 19);
insert into Purchased (order_id, product_id, quantity) values (4, 24, 7);
insert into Purchased (order_id, product_id, quantity) values (89, 17, 13);
insert into Purchased (order_id, product_id, quantity) values (22, 36, 3);
insert into Purchased (order_id, product_id, quantity) values (13, 26, 14);
insert into Purchased (order_id, product_id, quantity) values (63, 29, 17);
insert into Purchased (order_id, product_id, quantity) values (6, 86, 3);
insert into Purchased (order_id, product_id, quantity) values (84, 7, 14);
insert into Purchased (order_id, product_id, quantity) values (27, 71, 19);
insert into Purchased (order_id, product_id, quantity) values (64, 18, 14);
insert into Purchased (order_id, product_id, quantity) values (87, 45, 20);
insert into Purchased (order_id, product_id, quantity) values (57, 70, 9);
insert into Purchased (order_id, product_id, quantity) values (25, 96, 2);
insert into Purchased (order_id, product_id, quantity) values (31, 22, 13);
insert into Purchased (order_id, product_id, quantity) values (11, 76, 7);
insert into Purchased (order_id, product_id, quantity) values (17, 99, 8);
insert into Purchased (order_id, product_id, quantity) values (92, 10, 2);
insert into Purchased (order_id, product_id, quantity) values (59, 33, 12);
insert into Purchased (order_id, product_id, quantity) values (12, 3, 13);
insert into Purchased (order_id, product_id, quantity) values (40, 43, 3);
insert into Purchased (order_id, product_id, quantity) values (37, 9, 6);
insert into Purchased (order_id, product_id, quantity) values (1, 59, 18);
insert into Purchased (order_id, product_id, quantity) values (46, 62, 18);
insert into Purchased (order_id, product_id, quantity) values (23, 43, 7);
insert into Purchased (order_id, product_id, quantity) values (38, 76, 9);
insert into Purchased (order_id, product_id, quantity) values (72, 21, 20);
insert into Purchased (order_id, product_id, quantity) values (5, 41, 12);
insert into Purchased (order_id, product_id, quantity) values (36, 69, 2);
insert into Purchased (order_id, product_id, quantity) values (7, 29, 18);
insert into Purchased (order_id, product_id, quantity) values (78, 40, 16);
insert into Purchased (order_id, product_id, quantity) values (71, 72, 16);
insert into Purchased (order_id, product_id, quantity) values (40, 17, 8);
insert into Purchased (order_id, product_id, quantity) values (35, 90, 6);
insert into Purchased (order_id, product_id, quantity) values (13, 11, 13);
insert into Purchased (order_id, product_id, quantity) values (53, 67, 11);
insert into Purchased (order_id, product_id, quantity) values (43, 33, 17);
insert into Purchased (order_id, product_id, quantity) values (14, 8, 5);
insert into Purchased (order_id, product_id, quantity) values (40, 65, 1);
insert into Purchased (order_id, product_id, quantity) values (84, 37, 15);
insert into Purchased (order_id, product_id, quantity) values (55, 5, 15);
insert into Purchased (order_id, product_id, quantity) values (26, 84, 12);
insert into Purchased (order_id, product_id, quantity) values (26, 64, 16);
insert into Purchased (order_id, product_id, quantity) values (73, 82, 18);
insert into Purchased (order_id, product_id, quantity) values (34, 69, 3);
insert into Purchased (order_id, product_id, quantity) values (59, 8, 1);
insert into Purchased (order_id, product_id, quantity) values (16, 59, 13);
insert into Purchased (order_id, product_id, quantity) values (69, 60, 11);
insert into Purchased (order_id, product_id, quantity) values (36, 50, 10);
insert into Purchased (order_id, product_id, quantity) values (17, 45, 11);
insert into Purchased (order_id, product_id, quantity) values (30, 4, 15);
insert into Purchased (order_id, product_id, quantity) values (33, 81, 8);
insert into Purchased (order_id, product_id, quantity) values (96, 44, 10);
insert into Purchased (order_id, product_id, quantity) values (32, 41, 2);
insert into Purchased (order_id, product_id, quantity) values (93, 47, 3);
insert into Purchased (order_id, product_id, quantity) values (94, 7, 5);
insert into Purchased (order_id, product_id, quantity) values (18, 82, 8);
insert into Purchased (order_id, product_id, quantity) values (27, 34, 2);
insert into Purchased (order_id, product_id, quantity) values (17, 64, 12);
insert into Purchased (order_id, product_id, quantity) values (89, 99, 13);
insert into Purchased (order_id, product_id, quantity) values (12, 7, 13);
insert into Purchased (order_id, product_id, quantity) values (50, 77, 3);
insert into Purchased (order_id, product_id, quantity) values (4, 82, 7);
insert into Purchased (order_id, product_id, quantity) values (83, 100, 1);
insert into Purchased (order_id, product_id, quantity) values (45, 95, 1);
insert into Purchased (order_id, product_id, quantity) values (38, 4, 2);
insert into Purchased (order_id, product_id, quantity) values (51, 100, 19);
insert into Purchased (order_id, product_id, quantity) values (61, 93, 9);
insert into Purchased (order_id, product_id, quantity) values (10, 25, 8);
insert into Purchased (order_id, product_id, quantity) values (18, 96, 9);
insert into Purchased (order_id, product_id, quantity) values (87, 28, 6);
insert into Purchased (order_id, product_id, quantity) values (32, 36, 6);
insert into Purchased (order_id, product_id, quantity) values (96, 5, 19);
insert into Purchased (order_id, product_id, quantity) values (51, 89, 12);
insert into Purchased (order_id, product_id, quantity) values (41, 81, 1);
insert into Purchased (order_id, product_id, quantity) values (96, 61, 5);
insert into Purchased (order_id, product_id, quantity) values (74, 22, 4);
insert into Purchased (order_id, product_id, quantity) values (76, 27, 5);
insert into Purchased (order_id, product_id, quantity) values (76, 88, 7);
insert into Purchased (order_id, product_id, quantity) values (99, 36, 13);
insert into Purchased (order_id, product_id, quantity) values (74, 33, 8);
insert into Purchased (order_id, product_id, quantity) values (67, 8, 19);
insert into Purchased (order_id, product_id, quantity) values (71, 42, 10);
insert into Purchased (order_id, product_id, quantity) values (80, 52, 7);
insert into Purchased (order_id, product_id, quantity) values (74, 99, 8);
insert into Purchased (order_id, product_id, quantity) values (79, 54, 6);
insert into Purchased (order_id, product_id, quantity) values (89, 37, 9);
insert into Purchased (order_id, product_id, quantity) values (62, 27, 17);
insert into Purchased (order_id, product_id, quantity) values (3, 57, 11);
insert into Purchased (order_id, product_id, quantity) values (27, 65, 10);
insert into Purchased (order_id, product_id, quantity) values (45, 41, 6);
insert into Purchased (order_id, product_id, quantity) values (36, 57, 2);
insert into Purchased (order_id, product_id, quantity) values (63, 5, 16);
insert into Purchased (order_id, product_id, quantity) values (38, 42, 4);
insert into Purchased (order_id, product_id, quantity) values (98, 7, 9);
insert into Purchased (order_id, product_id, quantity) values (5, 35, 12);
insert into Purchased (order_id, product_id, quantity) values (94, 92, 4);
insert into Purchased (order_id, product_id, quantity) values (75, 53, 3);
insert into Purchased (order_id, product_id, quantity) values (95, 37, 5);
insert into Purchased (order_id, product_id, quantity) values (59, 55, 10);
insert into Purchased (order_id, product_id, quantity) values (31, 99, 11);
insert into Purchased (order_id, product_id, quantity) values (58, 54, 6);
insert into Purchased (order_id, product_id, quantity) values (19, 46, 7);
insert into Purchased (order_id, product_id, quantity) values (13, 81, 2);
insert into Purchased (order_id, product_id, quantity) values (60, 51, 13);
insert into Purchased (order_id, product_id, quantity) values (53, 37, 9);
insert into Purchased (order_id, product_id, quantity) values (27, 93, 8);
insert into Purchased (order_id, product_id, quantity) values (74, 88, 17);
insert into Purchased (order_id, product_id, quantity) values (17, 63, 9);
insert into Purchased (order_id, product_id, quantity) values (60, 54, 9);
insert into Purchased (order_id, product_id, quantity) values (17, 38, 7);


-- shipment db
insert into shipment (delivery_date, delivery_status, order_id, deliverypartner_id) values ('2023-02-11 23:28:29', false, 23, 31);
insert into shipment (delivery_date, delivery_status, order_id, deliverypartner_id) values ('2022-05-31 18:44:38', false, 90, 71);
insert into shipment (delivery_date, delivery_status, order_id, deliverypartner_id) values ('2022-04-05 22:23:29', true, 83, 22);
insert into shipment (delivery_date, delivery_status, order_id, deliverypartner_id) values ('2023-01-09 21:22:14', true, 72, 48);
insert into shipment (delivery_date, delivery_status, order_id, deliverypartner_id) values ('2022-02-28 09:04:00', false, 74, 43);
insert into shipment (delivery_date, delivery_status, order_id, deliverypartner_id) values ('2022-04-02 09:17:31', false, 46, 60);
insert into shipment (delivery_date, delivery_status, order_id, deliverypartner_id) values ('2022-01-23 07:42:35', false, 60, 7);
insert into shipment (delivery_date, delivery_status, order_id, deliverypartner_id) values ('2022-10-12 17:06:19', true, 74, 89);
insert into shipment (delivery_date, delivery_status, order_id, deliverypartner_id) values ('2022-01-19 02:46:50', false, 45, 41);
insert into shipment (delivery_date, delivery_status, order_id, deliverypartner_id) values ('2022-01-28 19:36:18', true, 77, 76);
insert into shipment (delivery_date, delivery_status, order_id, deliverypartner_id) values ('2023-02-03 21:17:21', false, 20, 46);
insert into shipment (delivery_date, delivery_status, order_id, deliverypartner_id) values ('2022-02-03 05:15:35', true, 25, 87);
insert into shipment (delivery_date, delivery_status, order_id, deliverypartner_id) values ('2022-10-31 09:43:47', false, 11, 32);
insert into shipment (delivery_date, delivery_status, order_id, deliverypartner_id) values ('2022-11-17 04:04:22', false, 44, 99);
insert into shipment (delivery_date, delivery_status, order_id, deliverypartner_id) values ('2022-11-07 16:26:17', false, 39, 100);
insert into shipment (delivery_date, delivery_status, order_id, deliverypartner_id) values ('2022-02-24 15:11:50', false, 43, 35);
insert into shipment (delivery_date, delivery_status, order_id, deliverypartner_id) values ('2022-08-21 05:19:28', false, 5, 14);
insert into shipment (delivery_date, delivery_status, order_id, deliverypartner_id) values ('2022-07-19 13:27:23', true, 46, 97);
insert into shipment (delivery_date, delivery_status, order_id, deliverypartner_id) values ('2022-02-21 09:25:37', true, 70, 58);
insert into shipment (delivery_date, delivery_status, order_id, deliverypartner_id) values ('2022-06-23 11:48:07', false, 89, 74);
insert into shipment (delivery_date, delivery_status, order_id, deliverypartner_id) values ('2022-04-22 06:15:47', false, 70, 11);
insert into shipment (delivery_date, delivery_status, order_id, deliverypartner_id) values ('2022-10-02 05:18:21', true, 26, 52);
insert into shipment (delivery_date, delivery_status, order_id, deliverypartner_id) values ('2022-05-13 09:30:29', false, 77, 19);
insert into shipment (delivery_date, delivery_status, order_id, deliverypartner_id) values ('2023-02-02 18:29:21', false, 3, 59);
insert into shipment (delivery_date, delivery_status, order_id, deliverypartner_id) values ('2023-01-23 12:14:11', false, 13, 65);
insert into shipment (delivery_date, delivery_status, order_id, deliverypartner_id) values ('2023-01-16 05:13:43', false, 78, 20);
insert into shipment (delivery_date, delivery_status, order_id, deliverypartner_id) values ('2022-10-07 22:44:07', true, 27, 66);
insert into shipment (delivery_date, delivery_status, order_id, deliverypartner_id) values ('2022-01-09 22:37:00', true, 49, 89);
insert into shipment (delivery_date, delivery_status, order_id, deliverypartner_id) values ('2022-03-25 08:53:28', true, 23, 18);
insert into shipment (delivery_date, delivery_status, order_id, deliverypartner_id) values ('2022-08-28 20:08:57', true, 33, 2);
insert into shipment (delivery_date, delivery_status, order_id, deliverypartner_id) values ('2022-04-23 13:26:14', true, 19, 81);
insert into shipment (delivery_date, delivery_status, order_id, deliverypartner_id) values ('2022-11-26 08:37:41', true, 5, 17);
insert into shipment (delivery_date, delivery_status, order_id, deliverypartner_id) values ('2022-09-17 15:31:11', false, 96, 70);
insert into shipment (delivery_date, delivery_status, order_id, deliverypartner_id) values ('2022-06-14 16:21:47', true, 81, 49);
insert into shipment (delivery_date, delivery_status, order_id, deliverypartner_id) values ('2023-01-13 05:38:04', true, 81, 52);
insert into shipment (delivery_date, delivery_status, order_id, deliverypartner_id) values ('2022-09-14 19:23:46', false, 1, 91);
insert into shipment (delivery_date, delivery_status, order_id, deliverypartner_id) values ('2022-01-11 14:55:21', true, 3, 77);
insert into shipment (delivery_date, delivery_status, order_id, deliverypartner_id) values ('2022-01-26 02:54:04', false, 67, 7);
insert into shipment (delivery_date, delivery_status, order_id, deliverypartner_id) values ('2022-10-27 02:07:29', true, 72, 62);
insert into shipment (delivery_date, delivery_status, order_id, deliverypartner_id) values ('2022-01-18 09:28:53', false, 86, 80);
insert into shipment (delivery_date, delivery_status, order_id, deliverypartner_id) values ('2022-12-28 21:25:39', false, 99, 29);
insert into shipment (delivery_date, delivery_status, order_id, deliverypartner_id) values ('2022-08-04 11:33:42', false, 16, 35);
insert into shipment (delivery_date, delivery_status, order_id, deliverypartner_id) values ('2022-01-13 21:43:14', false, 52, 98);
insert into shipment (delivery_date, delivery_status, order_id, deliverypartner_id) values ('2022-10-29 21:59:19', false, 29, 93);
insert into shipment (delivery_date, delivery_status, order_id, deliverypartner_id) values ('2022-08-30 20:58:39', false, 55, 92);
insert into shipment (delivery_date, delivery_status, order_id, deliverypartner_id) values ('2022-07-05 00:06:10', true, 33, 51);
insert into shipment (delivery_date, delivery_status, order_id, deliverypartner_id) values ('2023-01-10 19:01:50', true, 43, 97);
insert into shipment (delivery_date, delivery_status, order_id, deliverypartner_id) values ('2022-08-22 18:26:17', false, 68, 75);
insert into shipment (delivery_date, delivery_status, order_id, deliverypartner_id) values ('2022-04-28 14:42:10', true, 16, 8);
insert into shipment (delivery_date, delivery_status, order_id, deliverypartner_id) values ('2023-01-27 16:03:13', true, 84, 45);
insert into shipment (delivery_date, delivery_status, order_id, deliverypartner_id) values ('2023-02-07 05:56:00', false, 17, 49);
insert into shipment (delivery_date, delivery_status, order_id, deliverypartner_id) values ('2022-08-16 20:12:13', true, 14, 43);
insert into shipment (delivery_date, delivery_status, order_id, deliverypartner_id) values ('2022-10-26 22:32:29', true, 36, 7);
insert into shipment (delivery_date, delivery_status, order_id, deliverypartner_id) values ('2022-11-10 17:15:21', false, 57, 27);
insert into shipment (delivery_date, delivery_status, order_id, deliverypartner_id) values ('2022-08-13 11:52:16', false, 81, 84);
insert into shipment (delivery_date, delivery_status, order_id, deliverypartner_id) values ('2022-06-23 05:48:34', true, 83, 49);
insert into shipment (delivery_date, delivery_status, order_id, deliverypartner_id) values ('2022-05-18 17:50:40', false, 57, 34);
insert into shipment (delivery_date, delivery_status, order_id, deliverypartner_id) values ('2022-11-09 13:25:57', true, 91, 66);
insert into shipment (delivery_date, delivery_status, order_id, deliverypartner_id) values ('2022-02-09 15:23:16', false, 75, 87);
insert into shipment (delivery_date, delivery_status, order_id, deliverypartner_id) values ('2023-01-13 01:02:30', true, 56, 63);
insert into shipment (delivery_date, delivery_status, order_id, deliverypartner_id) values ('2022-10-03 14:13:21', false, 69, 58);
insert into shipment (delivery_date, delivery_status, order_id, deliverypartner_id) values ('2022-01-10 12:10:03', true, 79, 100);
insert into shipment (delivery_date, delivery_status, order_id, deliverypartner_id) values ('2022-04-03 07:34:20', false, 68, 28);
insert into shipment (delivery_date, delivery_status, order_id, deliverypartner_id) values ('2022-09-17 07:38:07', true, 11, 51);
insert into shipment (delivery_date, delivery_status, order_id, deliverypartner_id) values ('2022-01-25 18:37:44', false, 99, 88);
insert into shipment (delivery_date, delivery_status, order_id, deliverypartner_id) values ('2022-10-25 12:32:05', true, 22, 5);
insert into shipment (delivery_date, delivery_status, order_id, deliverypartner_id) values ('2022-01-16 10:15:45', false, 16, 39);
insert into shipment (delivery_date, delivery_status, order_id, deliverypartner_id) values ('2023-01-09 04:57:26', true, 61, 89);
insert into shipment (delivery_date, delivery_status, order_id, deliverypartner_id) values ('2022-04-07 08:45:31', false, 41, 87);
insert into shipment (delivery_date, delivery_status, order_id, deliverypartner_id) values ('2022-11-09 19:39:00', false, 45, 6);
insert into shipment (delivery_date, delivery_status, order_id, deliverypartner_id) values ('2022-03-11 06:53:59', false, 48, 97);
insert into shipment (delivery_date, delivery_status, order_id, deliverypartner_id) values ('2022-12-31 19:46:56', true, 97, 40);
insert into shipment (delivery_date, delivery_status, order_id, deliverypartner_id) values ('2022-12-21 07:59:00', false, 61, 48);
insert into shipment (delivery_date, delivery_status, order_id, deliverypartner_id) values ('2022-12-14 20:28:09', false, 43, 32);
insert into shipment (delivery_date, delivery_status, order_id, deliverypartner_id) values ('2022-01-23 11:06:53', true, 21, 46);
insert into shipment (delivery_date, delivery_status, order_id, deliverypartner_id) values ('2022-09-15 17:05:16', true, 76, 65);
insert into shipment (delivery_date, delivery_status, order_id, deliverypartner_id) values ('2022-12-06 21:49:19', false, 14, 27);
insert into shipment (delivery_date, delivery_status, order_id, deliverypartner_id) values ('2022-07-15 13:40:46', false, 82, 33);
insert into shipment (delivery_date, delivery_status, order_id, deliverypartner_id) values ('2022-10-17 17:31:01', false, 51, 66);
insert into shipment (delivery_date, delivery_status, order_id, deliverypartner_id) values ('2022-04-14 09:39:32', true, 44, 69);
insert into shipment (delivery_date, delivery_status, order_id, deliverypartner_id) values ('2022-04-24 07:00:45', false, 32, 72);
insert into shipment (delivery_date, delivery_status, order_id, deliverypartner_id) values ('2022-09-24 17:35:11', true, 2, 98);
insert into shipment (delivery_date, delivery_status, order_id, deliverypartner_id) values ('2022-09-22 22:28:39', false, 1, 1);
insert into shipment (delivery_date, delivery_status, order_id, deliverypartner_id) values ('2023-01-07 14:38:01', true, 83, 72);
insert into shipment (delivery_date, delivery_status, order_id, deliverypartner_id) values ('2022-06-11 01:16:13', false, 27, 88);
insert into shipment (delivery_date, delivery_status, order_id, deliverypartner_id) values ('2022-07-29 18:50:38', false, 1, 34);
insert into shipment (delivery_date, delivery_status, order_id, deliverypartner_id) values ('2022-08-19 22:58:12', true, 54, 8);
insert into shipment (delivery_date, delivery_status, order_id, deliverypartner_id) values ('2022-03-21 18:03:30', false, 73, 54);
insert into shipment (delivery_date, delivery_status, order_id, deliverypartner_id) values ('2022-09-01 16:43:52', true, 42, 55);
insert into shipment (delivery_date, delivery_status, order_id, deliverypartner_id) values ('2022-06-05 18:05:11', false, 62, 68);
insert into shipment (delivery_date, delivery_status, order_id, deliverypartner_id) values ('2022-09-26 12:23:15', true, 11, 68);
insert into shipment (delivery_date, delivery_status, order_id, deliverypartner_id) values ('2022-09-11 00:04:34', true, 99, 70);
insert into shipment (delivery_date, delivery_status, order_id, deliverypartner_id) values ('2022-08-02 06:11:27', true, 74, 19);
insert into shipment (delivery_date, delivery_status, order_id, deliverypartner_id) values ('2022-10-02 07:30:32', true, 30, 32);
insert into shipment (delivery_date, delivery_status, order_id, deliverypartner_id) values ('2022-03-16 07:51:11', true, 11, 71);
insert into shipment (delivery_date, delivery_status, order_id, deliverypartner_id) values ('2022-02-28 03:35:59', false, 47, 13);
insert into shipment (delivery_date, delivery_status, order_id, deliverypartner_id) values ('2023-01-24 07:11:27', false, 83, 79);
insert into shipment (delivery_date, delivery_status, order_id, deliverypartner_id) values ('2022-02-04 22:22:24', true, 8, 75);
insert into shipment (delivery_date, delivery_status, order_id, deliverypartner_id) values ('2022-09-30 11:23:16', false, 46, 53);
insert into shipment (delivery_date, delivery_status, order_id, deliverypartner_id) values ('2022-06-10 02:19:21', false, 73, 36);

-- shoppingcart db
insert into ShoppingCart (total_cost, taxes, customer_id, order_id, product_id) values (494.08, 46.93, 12, null, 90);
insert into ShoppingCart (total_cost, taxes, customer_id, order_id, product_id) values (293.31, 76.25, 31, null, 3);
insert into ShoppingCart (total_cost, taxes, customer_id, order_id, product_id) values (1768.03, 51.24, 88, null, 23);
insert into ShoppingCart (total_cost, taxes, customer_id, order_id, product_id) values (1304.2, 53.55, 10, 91, 16);
insert into ShoppingCart (total_cost, taxes, customer_id, order_id, product_id) values (988.16, 47.59, 72, null, 64);
insert into ShoppingCart (total_cost, taxes, customer_id, order_id, product_id) values (650.46, 38.22, 1, null, 25);
insert into ShoppingCart (total_cost, taxes, customer_id, order_id, product_id) values (1198.85, 22.16, 37, null, 86);
insert into ShoppingCart (total_cost, taxes, customer_id, order_id, product_id) values (1675.36, 56.19, 84, null, 49);
insert into ShoppingCart (total_cost, taxes, customer_id, order_id, product_id) values (1846.05, 19.69, 6, null, 34);
insert into ShoppingCart (total_cost, taxes, customer_id, order_id, product_id) values (1943.61, 89.97, 94, 33, 3);
insert into ShoppingCart (total_cost, taxes, customer_id, order_id, product_id) values (195.65, 69.51, 80, null, 58);
insert into ShoppingCart (total_cost, taxes, customer_id, order_id, product_id) values (121.44, 37.08, 4, null, 14);
insert into ShoppingCart (total_cost, taxes, customer_id, order_id, product_id) values (1715.82, 76.88, 88, 73, 50);
insert into ShoppingCart (total_cost, taxes, customer_id, order_id, product_id) values (975.23, 17.49, 73, null, 16);
insert into ShoppingCart (total_cost, taxes, customer_id, order_id, product_id) values (214.93, 94.57, 99, null, 12);
insert into ShoppingCart (total_cost, taxes, customer_id, order_id, product_id) values (71.48, 61.0, 59, null, 17);
insert into ShoppingCart (total_cost, taxes, customer_id, order_id, product_id) values (347.39, 46.4, 29, null, 19);
insert into ShoppingCart (total_cost, taxes, customer_id, order_id, product_id) values (1953.76, 14.56, 68, null, 38);
insert into ShoppingCart (total_cost, taxes, customer_id, order_id, product_id) values (40.31, 85.53, 13, null, 20);
insert into ShoppingCart (total_cost, taxes, customer_id, order_id, product_id) values (111.57, 10.2, 4, null, 2);
insert into ShoppingCart (total_cost, taxes, customer_id, order_id, product_id) values (1127.08, 21.64, 62, 96, 18);
insert into ShoppingCart (total_cost, taxes, customer_id, order_id, product_id) values (540.5, 69.35, 83, 17, 44);
insert into ShoppingCart (total_cost, taxes, customer_id, order_id, product_id) values (1852.07, 25.98, 52, null, 30);
insert into ShoppingCart (total_cost, taxes, customer_id, order_id, product_id) values (473.3, 54.58, 100, 77, 30);
insert into ShoppingCart (total_cost, taxes, customer_id, order_id, product_id) values (1615.5, 26.41, 41, 49, 86);
insert into ShoppingCart (total_cost, taxes, customer_id, order_id, product_id) values (1769.29, 60.97, 78, null, 62);
insert into ShoppingCart (total_cost, taxes, customer_id, order_id, product_id) values (631.63, 51.88, 90, null, 78);
insert into ShoppingCart (total_cost, taxes, customer_id, order_id, product_id) values (537.63, 85.7, 45, 79, 31);
insert into ShoppingCart (total_cost, taxes, customer_id, order_id, product_id) values (293.46, 16.02, 85, 54, 19);
insert into ShoppingCart (total_cost, taxes, customer_id, order_id, product_id) values (542.01, 26.28, 75, null, 75);
insert into ShoppingCart (total_cost, taxes, customer_id, order_id, product_id) values (903.9, 21.94, 82, 82, 1);
insert into ShoppingCart (total_cost, taxes, customer_id, order_id, product_id) values (264.55, 6.46, 13, 43, 62);
insert into ShoppingCart (total_cost, taxes, customer_id, order_id, product_id) values (159.85, 20.55, 94, 50, 32);
insert into ShoppingCart (total_cost, taxes, customer_id, order_id, product_id) values (1314.78, 28.82, 13, 17, 76);
insert into ShoppingCart (total_cost, taxes, customer_id, order_id, product_id) values (631.04, 17.12, 50, null, 49);
insert into ShoppingCart (total_cost, taxes, customer_id, order_id, product_id) values (1247.21, 17.04, 22, 34, 39);
insert into ShoppingCart (total_cost, taxes, customer_id, order_id, product_id) values (1598.15, 48.96, 59, 94, 30);
insert into ShoppingCart (total_cost, taxes, customer_id, order_id, product_id) values (240.72, 44.79, 1, null, 25);
insert into ShoppingCart (total_cost, taxes, customer_id, order_id, product_id) values (242.52, 95.56, 74, null, 56);
insert into ShoppingCart (total_cost, taxes, customer_id, order_id, product_id) values (720.85, 23.2, 78, null, 90);
insert into ShoppingCart (total_cost, taxes, customer_id, order_id, product_id) values (714.23, 11.21, 31, 18, 76);
insert into ShoppingCart (total_cost, taxes, customer_id, order_id, product_id) values (324.12, 79.84, 37, null, 44);
insert into ShoppingCart (total_cost, taxes, customer_id, order_id, product_id) values (1782.66, 78.16, 38, 16, 40);
insert into ShoppingCart (total_cost, taxes, customer_id, order_id, product_id) values (1826.76, 57.47, 55, 39, 96);
insert into ShoppingCart (total_cost, taxes, customer_id, order_id, product_id) values (798.54, 31.33, 82, null, 5);
insert into ShoppingCart (total_cost, taxes, customer_id, order_id, product_id) values (52.43, 50.91, 85, 34, 83);
insert into ShoppingCart (total_cost, taxes, customer_id, order_id, product_id) values (1981.86, 37.61, 74, 60, 89);
insert into ShoppingCart (total_cost, taxes, customer_id, order_id, product_id) values (1517.43, 97.92, 53, 66, 9);
insert into ShoppingCart (total_cost, taxes, customer_id, order_id, product_id) values (1019.2, 41.04, 3, null, 94);
insert into ShoppingCart (total_cost, taxes, customer_id, order_id, product_id) values (1388.9, 2.6, 84, 24, 17);
insert into ShoppingCart (total_cost, taxes, customer_id, order_id, product_id) values (1727.88, 57.34, 10, null, 73);
insert into ShoppingCart (total_cost, taxes, customer_id, order_id, product_id) values (840.17, 49.83, 20, null, 86);
insert into ShoppingCart (total_cost, taxes, customer_id, order_id, product_id) values (566.44, 47.53, 90, 35, 25);
insert into ShoppingCart (total_cost, taxes, customer_id, order_id, product_id) values (955.62, 47.42, 71, null, 46);
insert into ShoppingCart (total_cost, taxes, customer_id, order_id, product_id) values (1373.84, 84.01, 8, null, 85);
insert into ShoppingCart (total_cost, taxes, customer_id, order_id, product_id) values (1544.1, 51.83, 84, null, 65);
insert into ShoppingCart (total_cost, taxes, customer_id, order_id, product_id) values (1871.86, 17.07, 96, null, 15);
insert into ShoppingCart (total_cost, taxes, customer_id, order_id, product_id) values (1426.38, 28.13, 76, null, 18);
insert into ShoppingCart (total_cost, taxes, customer_id, order_id, product_id) values (1324.53, 91.89, 50, null, 43);
insert into ShoppingCart (total_cost, taxes, customer_id, order_id, product_id) values (634.84, 97.82, 87, null, 34);
insert into ShoppingCart (total_cost, taxes, customer_id, order_id, product_id) values (1686.54, 23.96, 51, null, 88);
insert into ShoppingCart (total_cost, taxes, customer_id, order_id, product_id) values (1401.77, 1.61, 100, null, 97);
insert into ShoppingCart (total_cost, taxes, customer_id, order_id, product_id) values (408.03, 94.05, 22, 24, 36);
insert into ShoppingCart (total_cost, taxes, customer_id, order_id, product_id) values (1554.2, 95.82, 88, null, 93);
insert into ShoppingCart (total_cost, taxes, customer_id, order_id, product_id) values (991.21, 1.29, 26, 57, 9);
insert into ShoppingCart (total_cost, taxes, customer_id, order_id, product_id) values (1825.67, 66.04, 6, 35, 93);
insert into ShoppingCart (total_cost, taxes, customer_id, order_id, product_id) values (64.9, 56.84, 37, null, 34);
insert into ShoppingCart (total_cost, taxes, customer_id, order_id, product_id) values (1946.18, 94.84, 4, 13, 57);
insert into ShoppingCart (total_cost, taxes, customer_id, order_id, product_id) values (1664.03, 69.71, 81, null, 89);
insert into ShoppingCart (total_cost, taxes, customer_id, order_id, product_id) values (586.08, 45.43, 5, 10, 94);
insert into ShoppingCart (total_cost, taxes, customer_id, order_id, product_id) values (1534.71, 2.61, 82, null, 88);
insert into ShoppingCart (total_cost, taxes, customer_id, order_id, product_id) values (1526.33, 19.11, 57, 86, 34);
insert into ShoppingCart (total_cost, taxes, customer_id, order_id, product_id) values (1510.67, 57.34, 32, null, 59);
insert into ShoppingCart (total_cost, taxes, customer_id, order_id, product_id) values (543.16, 64.34, 87, null, 3);
insert into ShoppingCart (total_cost, taxes, customer_id, order_id, product_id) values (997.21, 39.14, 59, null, 16);
insert into ShoppingCart (total_cost, taxes, customer_id, order_id, product_id) values (29.47, 88.61, 68, null, 32);
insert into ShoppingCart (total_cost, taxes, customer_id, order_id, product_id) values (1500.1, 27.65, 58, 15, 18);
insert into ShoppingCart (total_cost, taxes, customer_id, order_id, product_id) values (163.95, 97.94, 14, null, 67);
insert into ShoppingCart (total_cost, taxes, customer_id, order_id, product_id) values (876.49, 16.98, 71, 49, 91);
insert into ShoppingCart (total_cost, taxes, customer_id, order_id, product_id) values (1401.95, 61.82, 14, 69, 2);
insert into ShoppingCart (total_cost, taxes, customer_id, order_id, product_id) values (485.42, 92.95, 24, null, 77);
insert into ShoppingCart (total_cost, taxes, customer_id, order_id, product_id) values (842.45, 37.32, 53, 70, 52);
insert into ShoppingCart (total_cost, taxes, customer_id, order_id, product_id) values (1390.57, 49.76, 37, null, 92);
insert into ShoppingCart (total_cost, taxes, customer_id, order_id, product_id) values (1496.33, 42.81, 36, null, 37);
insert into ShoppingCart (total_cost, taxes, customer_id, order_id, product_id) values (1266.5, 22.68, 50, 63, 76);
insert into ShoppingCart (total_cost, taxes, customer_id, order_id, product_id) values (552.68, 13.27, 13, null, 96);
insert into ShoppingCart (total_cost, taxes, customer_id, order_id, product_id) values (1495.65, 20.25, 11, 97, 20);
insert into ShoppingCart (total_cost, taxes, customer_id, order_id, product_id) values (404.3, 86.4, 40, 27, 93);
insert into ShoppingCart (total_cost, taxes, customer_id, order_id, product_id) values (738.03, 29.44, 43, null, 10);
insert into ShoppingCart (total_cost, taxes, customer_id, order_id, product_id) values (1263.0, 69.93, 79, null, 76);
insert into ShoppingCart (total_cost, taxes, customer_id, order_id, product_id) values (88.21, 15.39, 10, null, 4);
insert into ShoppingCart (total_cost, taxes, customer_id, order_id, product_id) values (850.09, 42.91, 82, null, 88);
insert into ShoppingCart (total_cost, taxes, customer_id, order_id, product_id) values (842.15, 46.49, 62, null, 49);
insert into ShoppingCart (total_cost, taxes, customer_id, order_id, product_id) values (170.59, 8.34, 98, null, 26);
insert into ShoppingCart (total_cost, taxes, customer_id, order_id, product_id) values (869.37, 49.6, 54, null, 25);
insert into ShoppingCart (total_cost, taxes, customer_id, order_id, product_id) values (703.46, 70.28, 10, null, 80);
insert into ShoppingCart (total_cost, taxes, customer_id, order_id, product_id) values (248.07, 49.88, 25, null, 85);
insert into ShoppingCart (total_cost, taxes, customer_id, order_id, product_id) values (952.29, 34.57, 27, null, 78);
insert into ShoppingCart (total_cost, taxes, customer_id, order_id, product_id) values (1044.03, 57.95, 4, 85, 20);
insert into ShoppingCart (total_cost, taxes, customer_id, order_id, product_id) values (1619.46, 11.8, 77, null, 8);

-- admin db
insert into admin (admin_id, username, password ) values (1,'group42','123')
